{"denmark":[{"id":3622,"phone_number":"4523541620","region":"DK","created_at":"1 day ago"},{"id":3621,"phone_number":"4523541619","region":"DK","created_at":"1 day ago"},{"id":3620,"phone_number":"4523541618","region":"DK","created_at":"1 day ago"},{"id":3608,"phone_number":"4523541617","region":"DK","created_at":"2 days ago"},{"id":3607,"phone_number":"4523541616","region":"DK","created_at":"2 days ago"},{"id":3606,"phone_number":"4523541615","region":"DK","created_at":"2 days ago"},{"id":3591,"phone_number":"4523541614","region":"DK","created_at":"4 days ago"},{"id":3590,"phone_number":"4523541613","region":"DK","created_at":"4 days ago"},{"id":3589,"phone_number":"4523541612","region":"DK","created_at":"4 days ago"},{"id":3574,"phone_number":"4523541611","region":"DK","created_at":"1 week ago"},{"id":3573,"phone_number":"4523541610","region":"DK","created_at":"1 week ago"},{"id":3572,"phone_number":"4523541609","region":"DK","created_at":"1 week ago"},{"id":3559,"phone_number":"4523541608","region":"DK","created_at":"1 week ago"},{"id":3558,"phone_number":"4523541607","region":"DK","created_at":"1 week ago"},{"id":3557,"phone_number":"4523541606","region":"DK","created_at":"1 week ago"},{"id":3544,"phone_number":"4523541605","region":"DK","created_at":"1 week ago"},{"id":3543,"phone_number":"4523541604","region":"DK","created_at":"1 week ago"},{"id":3542,"phone_number":"4523541603","region":"DK","created_at":"1 week ago"},{"id":3527,"phone_number":"4523541602","region":"DK","created_at":"1 week ago"},{"id":3526,"phone_number":"4523541601","region":"DK","created_at":"1 week ago"},{"id":3525,"phone_number":"4523541600","region":"DK","created_at":"1 week ago"},{"id":3499,"phone_number":"4520509149","region":"DK","created_at":"3 weeks ago"},{"id":3498,"phone_number":"4520509148","region":"DK","created_at":"3 weeks ago"},{"id":3497,"phone_number":"4520509147","region":"DK","created_at":"3 weeks ago"},{"id":3496,"phone_number":"4520509146","region":"DK","created_at":"3 weeks ago"},{"id":3495,"phone_number":"4520509145","region":"DK","created_at":"3 weeks ago"},{"id":3477,"phone_number":"4520509144","region":"DK","created_at":"3 weeks ago"},{"id":3476,"phone_number":"4520509143","region":"DK","created_at":"3 weeks ago"},{"id":3475,"phone_number":"4520509142","region":"DK","created_at":"3 weeks ago"},{"id":3474,"phone_number":"4520509141","region":"DK","created_at":"3 weeks ago"},{"id":3473,"phone_number":"4520509140","region":"DK","created_at":"3 weeks ago"},{"id":3455,"phone_number":"4520509139","region":"DK","created_at":"3 weeks ago"},{"id":3454,"phone_number":"4520509138","region":"DK","created_at":"3 weeks ago"},{"id":3453,"phone_number":"4520509137","region":"DK","created_at":"3 weeks ago"},{"id":3452,"phone_number":"4520509136","region":"DK","created_at":"3 weeks ago"},{"id":3451,"phone_number":"4520509135","region":"DK","created_at":"3 weeks ago"},{"id":3428,"phone_number":"4520509134","region":"DK","created_at":"3 weeks ago"},{"id":3427,"phone_number":"4520509133","region":"DK","created_at":"3 weeks ago"},{"id":3426,"phone_number":"4520509132","region":"DK","created_at":"3 weeks ago"},{"id":3425,"phone_number":"4520509131","region":"DK","created_at":"3 weeks ago"},{"id":3424,"phone_number":"4520509130","region":"DK","created_at":"3 weeks ago"},{"id":3386,"phone_number":"4520509129","region":"DK","created_at":"4 weeks ago"},{"id":3385,"phone_number":"4520509128","region":"DK","created_at":"4 weeks ago"},{"id":3384,"phone_number":"4520509127","region":"DK","created_at":"4 weeks ago"},{"id":3383,"phone_number":"4520509126","region":"DK","created_at":"4 weeks ago"},{"id":3382,"phone_number":"4520509125","region":"DK","created_at":"4 weeks ago"},{"id":3349,"phone_number":"4520509124","region":"DK","created_at":"1 month ago"},{"id":3348,"phone_number":"4520509123","region":"DK","created_at":"1 month ago"},{"id":3347,"phone_number":"4520509122","region":"DK","created_at":"1 month ago"},{"id":3346,"phone_number":"4520509121","region":"DK","created_at":"1 month ago"},{"id":3345,"phone_number":"4520509120","region":"DK","created_at":"1 month ago"},{"id":3304,"phone_number":"4520509119","region":"DK","created_at":"1 month ago"},{"id":3303,"phone_number":"4520509118","region":"DK","created_at":"1 month ago"},{"id":3302,"phone_number":"4520509117","region":"DK","created_at":"1 month ago"},{"id":3301,"phone_number":"4520509116","region":"DK","created_at":"1 month ago"},{"id":3300,"phone_number":"4520509115","region":"DK","created_at":"1 month ago"},{"id":3299,"phone_number":"4520509114","region":"DK","created_at":"1 month ago"},{"id":3298,"phone_number":"4520509113","region":"DK","created_at":"1 month ago"},{"id":3297,"phone_number":"4520509112","region":"DK","created_at":"1 month ago"},{"id":3296,"phone_number":"4520509111","region":"DK","created_at":"1 month ago"},{"id":3295,"phone_number":"4520509110","region":"DK","created_at":"1 month ago"},{"id":3262,"phone_number":"4520509109","region":"DK","created_at":"1 month ago"},{"id":3261,"phone_number":"4520509108","region":"DK","created_at":"1 month ago"},{"id":3260,"phone_number":"4520509107","region":"DK","created_at":"1 month ago"},{"id":3259,"phone_number":"4520509106","region":"DK","created_at":"1 month ago"},{"id":3258,"phone_number":"4520509105","region":"DK","created_at":"1 month ago"},{"id":3225,"phone_number":"4520509104","region":"DK","created_at":"1 month ago"},{"id":3224,"phone_number":"4520509103","region":"DK","created_at":"1 month ago"},{"id":3223,"phone_number":"4520509102","region":"DK","created_at":"1 month ago"},{"id":3222,"phone_number":"4520509101","region":"DK","created_at":"1 month ago"},{"id":3221,"phone_number":"4520509100","region":"DK","created_at":"1 month ago"},{"id":3190,"phone_number":"4520384599","region":"DK","created_at":"1 month ago"},{"id":3189,"phone_number":"4520384598","region":"DK","created_at":"1 month ago"},{"id":3188,"phone_number":"4520384597","region":"DK","created_at":"1 month ago"},{"id":3187,"phone_number":"4520384596","region":"DK","created_at":"1 month ago"},{"id":3186,"phone_number":"4520384595","region":"DK","created_at":"1 month ago"},{"id":3185,"phone_number":"4520384594","region":"DK","created_at":"1 month ago"},{"id":3184,"phone_number":"4520384593","region":"DK","created_at":"1 month ago"},{"id":3183,"phone_number":"4520384592","region":"DK","created_at":"1 month ago"},{"id":3182,"phone_number":"4520384591","region":"DK","created_at":"1 month ago"},{"id":3181,"phone_number":"4520384590","region":"DK","created_at":"1 month ago"},{"id":3140,"phone_number":"4520384589","region":"DK","created_at":"1 month ago"},{"id":3139,"phone_number":"4520384588","region":"DK","created_at":"1 month ago"},{"id":3138,"phone_number":"4520384587","region":"DK","created_at":"1 month ago"},{"id":3137,"phone_number":"4520384586","region":"DK","created_at":"1 month ago"},{"id":3136,"phone_number":"4520384585","region":"DK","created_at":"1 month ago"},{"id":3135,"phone_number":"4520384584","region":"DK","created_at":"1 month ago"},{"id":3134,"phone_number":"4520384583","region":"DK","created_at":"1 month ago"},{"id":3133,"phone_number":"4520384582","region":"DK","created_at":"1 month ago"},{"id":3132,"phone_number":"4520384581","region":"DK","created_at":"1 month ago"},{"id":3131,"phone_number":"4520384580","region":"DK","created_at":"1 month ago"},{"id":3087,"phone_number":"4520384579","region":"DK","created_at":"1 month ago"},{"id":3086,"phone_number":"4520384578","region":"DK","created_at":"1 month ago"},{"id":3085,"phone_number":"4520384577","region":"DK","created_at":"1 month ago"},{"id":3084,"phone_number":"4520384576","region":"DK","created_at":"1 month ago"},{"id":3083,"phone_number":"4520384575","region":"DK","created_at":"1 month ago"},{"id":3082,"phone_number":"4520384574","region":"DK","created_at":"1 month ago"},{"id":3081,"phone_number":"4520384573","region":"DK","created_at":"1 month ago"},{"id":3080,"phone_number":"4520384572","region":"DK","created_at":"1 month ago"},{"id":3079,"phone_number":"4520384571","region":"DK","created_at":"1 month ago"},{"id":3078,"phone_number":"4520384570","region":"DK","created_at":"1 month ago"},{"id":3035,"phone_number":"4520384569","region":"DK","created_at":"1 month ago"},{"id":3034,"phone_number":"4520384568","region":"DK","created_at":"1 month ago"},{"id":3033,"phone_number":"4520384567","region":"DK","created_at":"1 month ago"},{"id":3032,"phone_number":"4520384566","region":"DK","created_at":"1 month ago"},{"id":3031,"phone_number":"4520384565","region":"DK","created_at":"1 month ago"},{"id":3030,"phone_number":"4520384564","region":"DK","created_at":"1 month ago"},{"id":3029,"phone_number":"4520384563","region":"DK","created_at":"1 month ago"},{"id":3028,"phone_number":"4520384562","region":"DK","created_at":"1 month ago"},{"id":3027,"phone_number":"4520384561","region":"DK","created_at":"1 month ago"},{"id":3026,"phone_number":"4520384560","region":"DK","created_at":"1 month ago"},{"id":2985,"phone_number":"4520384559","region":"DK","created_at":"1 month ago"},{"id":2984,"phone_number":"4520384558","region":"DK","created_at":"1 month ago"},{"id":2983,"phone_number":"4520384557","region":"DK","created_at":"1 month ago"},{"id":2982,"phone_number":"4520384556","region":"DK","created_at":"1 month ago"},{"id":2981,"phone_number":"4520384555","region":"DK","created_at":"1 month ago"},{"id":2980,"phone_number":"4520384554","region":"DK","created_at":"1 month ago"},{"id":2979,"phone_number":"4520384553","region":"DK","created_at":"1 month ago"},{"id":2978,"phone_number":"4520384552","region":"DK","created_at":"1 month ago"},{"id":2977,"phone_number":"4520384551","region":"DK","created_at":"1 month ago"},{"id":2976,"phone_number":"4520384550","region":"DK","created_at":"1 month ago"},{"id":2933,"phone_number":"4520384549","region":"DK","created_at":"1 month ago"},{"id":2932,"phone_number":"4520384548","region":"DK","created_at":"1 month ago"},{"id":2931,"phone_number":"4520384547","region":"DK","created_at":"1 month ago"},{"id":2930,"phone_number":"4520384546","region":"DK","created_at":"1 month ago"},{"id":2929,"phone_number":"4520384545","region":"DK","created_at":"1 month ago"},{"id":2928,"phone_number":"4520384544","region":"DK","created_at":"1 month ago"},{"id":2927,"phone_number":"4520384543","region":"DK","created_at":"1 month ago"},{"id":2926,"phone_number":"4520384542","region":"DK","created_at":"1 month ago"},{"id":2925,"phone_number":"4520384541","region":"DK","created_at":"1 month ago"},{"id":2924,"phone_number":"4520384540","region":"DK","created_at":"1 month ago"},{"id":2881,"phone_number":"4520384539","region":"DK","created_at":"1 month ago"},{"id":2880,"phone_number":"4520384538","region":"DK","created_at":"1 month ago"},{"id":2879,"phone_number":"4520384537","region":"DK","created_at":"1 month ago"},{"id":2878,"phone_number":"4520384536","region":"DK","created_at":"1 month ago"},{"id":2877,"phone_number":"4520384535","region":"DK","created_at":"1 month ago"},{"id":2876,"phone_number":"4520384534","region":"DK","created_at":"1 month ago"},{"id":2875,"phone_number":"4520384533","region":"DK","created_at":"1 month ago"},{"id":2874,"phone_number":"4520384532","region":"DK","created_at":"1 month ago"},{"id":2873,"phone_number":"4520384531","region":"DK","created_at":"1 month ago"},{"id":2872,"phone_number":"4520384530","region":"DK","created_at":"1 month ago"},{"id":2829,"phone_number":"4520384529","region":"DK","created_at":"1 month ago"},{"id":2828,"phone_number":"4520384528","region":"DK","created_at":"1 month ago"},{"id":2827,"phone_number":"4520384527","region":"DK","created_at":"1 month ago"},{"id":2826,"phone_number":"4520384526","region":"DK","created_at":"1 month ago"},{"id":2825,"phone_number":"4520384525","region":"DK","created_at":"1 month ago"},{"id":2824,"phone_number":"4520384524","region":"DK","created_at":"1 month ago"},{"id":2823,"phone_number":"4520384523","region":"DK","created_at":"1 month ago"},{"id":2822,"phone_number":"4520384522","region":"DK","created_at":"1 month ago"},{"id":2821,"phone_number":"4520384521","region":"DK","created_at":"1 month ago"},{"id":2820,"phone_number":"4520384520","region":"DK","created_at":"1 month ago"},{"id":2779,"phone_number":"4520384519","region":"DK","created_at":"1 month ago"},{"id":2778,"phone_number":"4520384518","region":"DK","created_at":"1 month ago"},{"id":2777,"phone_number":"4520384517","region":"DK","created_at":"1 month ago"},{"id":2776,"phone_number":"4520384516","region":"DK","created_at":"1 month ago"},{"id":2775,"phone_number":"4520384515","region":"DK","created_at":"1 month ago"},{"id":2774,"phone_number":"4520384514","region":"DK","created_at":"1 month ago"},{"id":2773,"phone_number":"4520384513","region":"DK","created_at":"1 month ago"},{"id":2772,"phone_number":"4520384512","region":"DK","created_at":"1 month ago"},{"id":2771,"phone_number":"4520384511","region":"DK","created_at":"1 month ago"},{"id":2770,"phone_number":"4520384510","region":"DK","created_at":"1 month ago"},{"id":2729,"phone_number":"4520384509","region":"DK","created_at":"1 month ago"},{"id":2728,"phone_number":"4520384508","region":"DK","created_at":"1 month ago"},{"id":2727,"phone_number":"4520384507","region":"DK","created_at":"1 month ago"},{"id":2726,"phone_number":"4520384506","region":"DK","created_at":"1 month ago"},{"id":2725,"phone_number":"4520384505","region":"DK","created_at":"1 month ago"},{"id":2724,"phone_number":"4520384504","region":"DK","created_at":"1 month ago"},{"id":2723,"phone_number":"4520384503","region":"DK","created_at":"1 month ago"},{"id":2722,"phone_number":"4520384502","region":"DK","created_at":"1 month ago"},{"id":2721,"phone_number":"4520384501","region":"DK","created_at":"1 month ago"},{"id":2720,"phone_number":"4520384500","region":"DK","created_at":"1 month ago"},{"id":2677,"phone_number":"4520384499","region":"DK","created_at":"1 month ago"},{"id":2676,"phone_number":"4520384498","region":"DK","created_at":"1 month ago"},{"id":2675,"phone_number":"4520384497","region":"DK","created_at":"1 month ago"},{"id":2674,"phone_number":"4520384496","region":"DK","created_at":"1 month ago"},{"id":2673,"phone_number":"4520384495","region":"DK","created_at":"1 month ago"},{"id":2672,"phone_number":"4520384494","region":"DK","created_at":"1 month ago"},{"id":2671,"phone_number":"4520384493","region":"DK","created_at":"1 month ago"},{"id":2670,"phone_number":"4520384492","region":"DK","created_at":"1 month ago"},{"id":2669,"phone_number":"4520384491","region":"DK","created_at":"1 month ago"},{"id":2668,"phone_number":"4520384490","region":"DK","created_at":"1 month ago"},{"id":2625,"phone_number":"4520384489","region":"DK","created_at":"1 month ago"},{"id":2624,"phone_number":"4520384488","region":"DK","created_at":"1 month ago"},{"id":2623,"phone_number":"4520384487","region":"DK","created_at":"1 month ago"},{"id":2622,"phone_number":"4520384486","region":"DK","created_at":"1 month ago"},{"id":2621,"phone_number":"4520384485","region":"DK","created_at":"1 month ago"},{"id":2620,"phone_number":"4520384484","region":"DK","created_at":"1 month ago"},{"id":2619,"phone_number":"4520384483","region":"DK","created_at":"1 month ago"},{"id":2618,"phone_number":"4520384482","region":"DK","created_at":"1 month ago"},{"id":2617,"phone_number":"4520384481","region":"DK","created_at":"1 month ago"},{"id":2616,"phone_number":"4520384480","region":"DK","created_at":"1 month ago"},{"id":2573,"phone_number":"4520384479","region":"DK","created_at":"1 month ago"},{"id":2572,"phone_number":"4520384478","region":"DK","created_at":"1 month ago"},{"id":2571,"phone_number":"4520384477","region":"DK","created_at":"1 month ago"},{"id":2570,"phone_number":"4520384476","region":"DK","created_at":"1 month ago"},{"id":2569,"phone_number":"4520384475","region":"DK","created_at":"1 month ago"},{"id":2568,"phone_number":"4520384474","region":"DK","created_at":"1 month ago"},{"id":2567,"phone_number":"4520384473","region":"DK","created_at":"1 month ago"},{"id":2566,"phone_number":"4520384472","region":"DK","created_at":"1 month ago"},{"id":2565,"phone_number":"4520384471","region":"DK","created_at":"1 month ago"},{"id":2564,"phone_number":"4520384470","region":"DK","created_at":"1 month ago"},{"id":2523,"phone_number":"4520384469","region":"DK","created_at":"1 month ago"},{"id":2522,"phone_number":"4520384468","region":"DK","created_at":"1 month ago"},{"id":2521,"phone_number":"4520384467","region":"DK","created_at":"1 month ago"},{"id":2520,"phone_number":"4520384466","region":"DK","created_at":"1 month ago"},{"id":2519,"phone_number":"4520384465","region":"DK","created_at":"1 month ago"},{"id":2518,"phone_number":"4520384464","region":"DK","created_at":"1 month ago"},{"id":2517,"phone_number":"4520384463","region":"DK","created_at":"1 month ago"},{"id":2516,"phone_number":"4520384462","region":"DK","created_at":"1 month ago"},{"id":2515,"phone_number":"4520384461","region":"DK","created_at":"1 month ago"},{"id":2514,"phone_number":"4520384460","region":"DK","created_at":"1 month ago"},{"id":2461,"phone_number":"4520384459","region":"DK","created_at":"2 months ago"},{"id":2460,"phone_number":"4520384458","region":"DK","created_at":"2 months ago"},{"id":2459,"phone_number":"4520384457","region":"DK","created_at":"2 months ago"},{"id":2458,"phone_number":"4520384456","region":"DK","created_at":"2 months ago"},{"id":2457,"phone_number":"4520384455","region":"DK","created_at":"2 months ago"},{"id":2456,"phone_number":"4520384454","region":"DK","created_at":"2 months ago"},{"id":2455,"phone_number":"4520384453","region":"DK","created_at":"2 months ago"},{"id":2454,"phone_number":"4520384452","region":"DK","created_at":"2 months ago"},{"id":2453,"phone_number":"4520384451","region":"DK","created_at":"2 months ago"},{"id":2452,"phone_number":"4520384450","region":"DK","created_at":"2 months ago"},{"id":2409,"phone_number":"4520384449","region":"DK","created_at":"2 months ago"},{"id":2408,"phone_number":"4520384448","region":"DK","created_at":"2 months ago"},{"id":2407,"phone_number":"4520384447","region":"DK","created_at":"2 months ago"},{"id":2406,"phone_number":"4520384446","region":"DK","created_at":"2 months ago"},{"id":2405,"phone_number":"4520384445","region":"DK","created_at":"2 months ago"},{"id":2404,"phone_number":"4520384444","region":"DK","created_at":"2 months ago"},{"id":2403,"phone_number":"4520384443","region":"DK","created_at":"2 months ago"},{"id":2402,"phone_number":"4520384442","region":"DK","created_at":"2 months ago"},{"id":2401,"phone_number":"4520384441","region":"DK","created_at":"2 months ago"},{"id":2400,"phone_number":"4520384440","region":"DK","created_at":"2 months ago"},{"id":2357,"phone_number":"4520384439","region":"DK","created_at":"2 months ago"},{"id":2356,"phone_number":"4520384438","region":"DK","created_at":"2 months ago"},{"id":2355,"phone_number":"4520384437","region":"DK","created_at":"2 months ago"},{"id":2354,"phone_number":"4520384436","region":"DK","created_at":"2 months ago"},{"id":2353,"phone_number":"4520384435","region":"DK","created_at":"2 months ago"},{"id":2352,"phone_number":"4520384434","region":"DK","created_at":"2 months ago"},{"id":2351,"phone_number":"4520384433","region":"DK","created_at":"2 months ago"},{"id":2350,"phone_number":"4520384432","region":"DK","created_at":"2 months ago"},{"id":2349,"phone_number":"4520384431","region":"DK","created_at":"2 months ago"},{"id":2348,"phone_number":"4520384430","region":"DK","created_at":"2 months ago"},{"id":2307,"phone_number":"4520384429","region":"DK","created_at":"2 months ago"},{"id":2306,"phone_number":"4520384428","region":"DK","created_at":"2 months ago"},{"id":2305,"phone_number":"4520384427","region":"DK","created_at":"2 months ago"},{"id":2304,"phone_number":"4520384426","region":"DK","created_at":"2 months ago"},{"id":2303,"phone_number":"4520384425","region":"DK","created_at":"2 months ago"},{"id":2302,"phone_number":"4520384424","region":"DK","created_at":"2 months ago"},{"id":2301,"phone_number":"4520384423","region":"DK","created_at":"2 months ago"},{"id":2300,"phone_number":"4520384422","region":"DK","created_at":"2 months ago"},{"id":2299,"phone_number":"4520384421","region":"DK","created_at":"2 months ago"},{"id":2298,"phone_number":"4520384420","region":"DK","created_at":"2 months ago"},{"id":2254,"phone_number":"4520384419","region":"DK","created_at":"2 months ago"},{"id":2253,"phone_number":"4520384418","region":"DK","created_at":"2 months ago"},{"id":2252,"phone_number":"4520384417","region":"DK","created_at":"2 months ago"},{"id":2251,"phone_number":"4520384416","region":"DK","created_at":"2 months ago"},{"id":2250,"phone_number":"4520384415","region":"DK","created_at":"2 months ago"},{"id":2249,"phone_number":"4520384414","region":"DK","created_at":"2 months ago"},{"id":2248,"phone_number":"4520384413","region":"DK","created_at":"2 months ago"},{"id":2247,"phone_number":"4520384412","region":"DK","created_at":"2 months ago"},{"id":2246,"phone_number":"4520384411","region":"DK","created_at":"2 months ago"},{"id":2245,"phone_number":"4520384410","region":"DK","created_at":"2 months ago"},{"id":2214,"phone_number":"4520384409","region":"DK","created_at":"2 months ago"},{"id":2213,"phone_number":"4520384408","region":"DK","created_at":"2 months ago"},{"id":2212,"phone_number":"4520384407","region":"DK","created_at":"2 months ago"},{"id":2211,"phone_number":"4520384406","region":"DK","created_at":"2 months ago"},{"id":2210,"phone_number":"4520384405","region":"DK","created_at":"2 months ago"},{"id":2189,"phone_number":"4520384404","region":"DK","created_at":"2 months ago"},{"id":2188,"phone_number":"4520384403","region":"DK","created_at":"2 months ago"},{"id":2187,"phone_number":"4520384402","region":"DK","created_at":"2 months ago"},{"id":2186,"phone_number":"4520384401","region":"DK","created_at":"2 months ago"},{"id":2185,"phone_number":"4520384400","region":"DK","created_at":"2 months ago"},{"id":2122,"phone_number":"4520383099","region":"DK","created_at":"2 months ago"},{"id":2121,"phone_number":"4520383098","region":"DK","created_at":"2 months ago"},{"id":2120,"phone_number":"4520383097","region":"DK","created_at":"2 months ago"},{"id":2119,"phone_number":"4520383096","region":"DK","created_at":"2 months ago"},{"id":2118,"phone_number":"4520383095","region":"DK","created_at":"2 months ago"},{"id":2095,"phone_number":"4520383094","region":"DK","created_at":"2 months ago"},{"id":2094,"phone_number":"4520383093","region":"DK","created_at":"2 months ago"},{"id":2093,"phone_number":"4520383092","region":"DK","created_at":"2 months ago"},{"id":2092,"phone_number":"4520383091","region":"DK","created_at":"2 months ago"},{"id":2091,"phone_number":"4520383090","region":"DK","created_at":"2 months ago"},{"id":2043,"phone_number":"4520383089","region":"DK","created_at":"2 months ago"},{"id":2042,"phone_number":"4520383088","region":"DK","created_at":"2 months ago"},{"id":2041,"phone_number":"4520383087","region":"DK","created_at":"2 months ago"},{"id":2040,"phone_number":"4520383086","region":"DK","created_at":"2 months ago"},{"id":2039,"phone_number":"4520383085","region":"DK","created_at":"2 months ago"},{"id":2018,"phone_number":"4520383084","region":"DK","created_at":"2 months ago"},{"id":2017,"phone_number":"4520383083","region":"DK","created_at":"2 months ago"},{"id":2016,"phone_number":"4520383082","region":"DK","created_at":"2 months ago"},{"id":2015,"phone_number":"4520383081","region":"DK","created_at":"2 months ago"},{"id":2014,"phone_number":"4520383080","region":"DK","created_at":"2 months ago"},{"id":1991,"phone_number":"4520383079","region":"DK","created_at":"2 months ago"},{"id":1990,"phone_number":"4520383078","region":"DK","created_at":"2 months ago"},{"id":1989,"phone_number":"4520383077","region":"DK","created_at":"2 months ago"},{"id":1988,"phone_number":"4520383076","region":"DK","created_at":"2 months ago"},{"id":1987,"phone_number":"4520383075","region":"DK","created_at":"2 months ago"},{"id":1964,"phone_number":"4520383074","region":"DK","created_at":"2 months ago"},{"id":1963,"phone_number":"4520383073","region":"DK","created_at":"2 months ago"},{"id":1962,"phone_number":"4520383072","region":"DK","created_at":"2 months ago"},{"id":1961,"phone_number":"4520383071","region":"DK","created_at":"2 months ago"},{"id":1960,"phone_number":"4520383070","region":"DK","created_at":"2 months ago"},{"id":1939,"phone_number":"4520383069","region":"DK","created_at":"2 months ago"},{"id":1938,"phone_number":"4520383068","region":"DK","created_at":"2 months ago"},{"id":1937,"phone_number":"4520383067","region":"DK","created_at":"2 months ago"},{"id":1936,"phone_number":"4520383066","region":"DK","created_at":"2 months ago"},{"id":1935,"phone_number":"4520383065","region":"DK","created_at":"2 months ago"},{"id":1912,"phone_number":"4520383064","region":"DK","created_at":"2 months ago"},{"id":1911,"phone_number":"4520383063","region":"DK","created_at":"2 months ago"},{"id":1910,"phone_number":"4520383062","region":"DK","created_at":"2 months ago"},{"id":1909,"phone_number":"4520383061","region":"DK","created_at":"2 months ago"},{"id":1908,"phone_number":"4520383060","region":"DK","created_at":"2 months ago"},{"id":1887,"phone_number":"4520383059","region":"DK","created_at":"2 months ago"},{"id":1886,"phone_number":"4520383058","region":"DK","created_at":"2 months ago"},{"id":1885,"phone_number":"4520383057","region":"DK","created_at":"2 months ago"},{"id":1884,"phone_number":"4520383056","region":"DK","created_at":"2 months ago"},{"id":1883,"phone_number":"4520383055","region":"DK","created_at":"2 months ago"},{"id":1860,"phone_number":"4520383054","region":"DK","created_at":"3 months ago"},{"id":1859,"phone_number":"4520383053","region":"DK","created_at":"3 months ago"},{"id":1858,"phone_number":"4520383052","region":"DK","created_at":"3 months ago"},{"id":1857,"phone_number":"4520383051","region":"DK","created_at":"3 months ago"},{"id":1856,"phone_number":"4520383050","region":"DK","created_at":"3 months ago"},{"id":1833,"phone_number":"4520383049","region":"DK","created_at":"3 months ago"},{"id":1832,"phone_number":"4520383047","region":"DK","created_at":"3 months ago"},{"id":1831,"phone_number":"4520383048","region":"DK","created_at":"3 months ago"},{"id":1830,"phone_number":"4520383046","region":"DK","created_at":"3 months ago"},{"id":1829,"phone_number":"4520383045","region":"DK","created_at":"3 months ago"},{"id":1806,"phone_number":"4520383044","region":"DK","created_at":"3 months ago"},{"id":1805,"phone_number":"4520383043","region":"DK","created_at":"3 months ago"},{"id":1804,"phone_number":"4520383042","region":"DK","created_at":"3 months ago"},{"id":1803,"phone_number":"4520383041","region":"DK","created_at":"3 months ago"},{"id":1802,"phone_number":"4520383040","region":"DK","created_at":"3 months ago"},{"id":1779,"phone_number":"4520383039","region":"DK","created_at":"3 months ago"},{"id":1778,"phone_number":"4520383038","region":"DK","created_at":"3 months ago"},{"id":1777,"phone_number":"4520383037","region":"DK","created_at":"3 months ago"},{"id":1776,"phone_number":"4520383036","region":"DK","created_at":"3 months ago"},{"id":1775,"phone_number":"4520383035","region":"DK","created_at":"3 months ago"},{"id":1752,"phone_number":"4520383034","region":"DK","created_at":"3 months ago"},{"id":1751,"phone_number":"4520383033","region":"DK","created_at":"3 months ago"},{"id":1750,"phone_number":"4520383032","region":"DK","created_at":"3 months ago"},{"id":1749,"phone_number":"4520383031","region":"DK","created_at":"3 months ago"},{"id":1748,"phone_number":"4520383030","region":"DK","created_at":"3 months ago"},{"id":1732,"phone_number":"4520383029","region":"DK","created_at":"3 months ago"},{"id":1731,"phone_number":"4520383028","region":"DK","created_at":"3 months ago"},{"id":1730,"phone_number":"4520383027","region":"DK","created_at":"3 months ago"},{"id":1729,"phone_number":"4520383026","region":"DK","created_at":"3 months ago"},{"id":1728,"phone_number":"4520383025","region":"DK","created_at":"3 months ago"},{"id":1706,"phone_number":"4520383024","region":"DK","created_at":"3 months ago"},{"id":1705,"phone_number":"4520383023","region":"DK","created_at":"3 months ago"},{"id":1704,"phone_number":"4520383022","region":"DK","created_at":"3 months ago"},{"id":1703,"phone_number":"4520383021","region":"DK","created_at":"3 months ago"},{"id":1702,"phone_number":"4520383020","region":"DK","created_at":"3 months ago"},{"id":1683,"phone_number":"4520383019","region":"DK","created_at":"3 months ago"},{"id":1682,"phone_number":"4520383018","region":"DK","created_at":"3 months ago"},{"id":1681,"phone_number":"4520383017","region":"DK","created_at":"3 months ago"},{"id":1680,"phone_number":"4520383016","region":"DK","created_at":"3 months ago"},{"id":1679,"phone_number":"4520383015","region":"DK","created_at":"3 months ago"},{"id":1663,"phone_number":"4520383014","region":"DK","created_at":"3 months ago"},{"id":1662,"phone_number":"4520383013","region":"DK","created_at":"3 months ago"},{"id":1661,"phone_number":"4520383012","region":"DK","created_at":"3 months ago"},{"id":1660,"phone_number":"4520383011","region":"DK","created_at":"3 months ago"},{"id":1659,"phone_number":"4520383010","region":"DK","created_at":"3 months ago"},{"id":1641,"phone_number":"4520383009","region":"DK","created_at":"3 months ago"},{"id":1640,"phone_number":"4520383008","region":"DK","created_at":"3 months ago"},{"id":1639,"phone_number":"4520383007","region":"DK","created_at":"3 months ago"},{"id":1638,"phone_number":"4520383006","region":"DK","created_at":"3 months ago"},{"id":1637,"phone_number":"4520383005","region":"DK","created_at":"3 months ago"},{"id":1621,"phone_number":"4520383004","region":"DK","created_at":"3 months ago"},{"id":1620,"phone_number":"4520383003","region":"DK","created_at":"3 months ago"},{"id":1619,"phone_number":"4520383002","region":"DK","created_at":"3 months ago"},{"id":1618,"phone_number":"4520383001","region":"DK","created_at":"3 months ago"},{"id":1617,"phone_number":"4520383000","region":"DK","created_at":"3 months ago"},{"id":1578,"phone_number":"4593707694","region":"DK","created_at":"3 months ago"},{"id":1577,"phone_number":"4593707693","region":"DK","created_at":"3 months ago"},{"id":1576,"phone_number":"4593707692","region":"DK","created_at":"3 months ago"},{"id":1575,"phone_number":"4593707691","region":"DK","created_at":"3 months ago"},{"id":1557,"phone_number":"4593707690","region":"DK","created_at":"3 months ago"},{"id":1556,"phone_number":"4593707689","region":"DK","created_at":"3 months ago"},{"id":1555,"phone_number":"4593707688","region":"DK","created_at":"3 months ago"},{"id":1554,"phone_number":"4593707687","region":"DK","created_at":"3 months ago"},{"id":1553,"phone_number":"4593707686","region":"DK","created_at":"3 months ago"},{"id":1535,"phone_number":"4593707685","region":"DK","created_at":"3 months ago"},{"id":1534,"phone_number":"4593707684","region":"DK","created_at":"3 months ago"},{"id":1533,"phone_number":"4593707683","region":"DK","created_at":"3 months ago"},{"id":1532,"phone_number":"4593707682","region":"DK","created_at":"3 months ago"},{"id":1531,"phone_number":"4593707681","region":"DK","created_at":"3 months ago"},{"id":1513,"phone_number":"4593707680","region":"DK","created_at":"3 months ago"},{"id":1512,"phone_number":"4593707679","region":"DK","created_at":"3 months ago"},{"id":1511,"phone_number":"4593707678","region":"DK","created_at":"3 months ago"},{"id":1510,"phone_number":"4593707677","region":"DK","created_at":"3 months ago"},{"id":1509,"phone_number":"4593707676","region":"DK","created_at":"3 months ago"},{"id":1491,"phone_number":"4593707675","region":"DK","created_at":"3 months ago"},{"id":1490,"phone_number":"4593707674","region":"DK","created_at":"3 months ago"},{"id":1489,"phone_number":"4593707673","region":"DK","created_at":"3 months ago"},{"id":1488,"phone_number":"4593707672","region":"DK","created_at":"3 months ago"},{"id":1487,"phone_number":"4593707671","region":"DK","created_at":"3 months ago"},{"id":1469,"phone_number":"4593707670","region":"DK","created_at":"4 months ago"},{"id":1468,"phone_number":"4593707669","region":"DK","created_at":"4 months ago"},{"id":1467,"phone_number":"4593707668","region":"DK","created_at":"4 months ago"},{"id":1466,"phone_number":"4593707667","region":"DK","created_at":"4 months ago"},{"id":1465,"phone_number":"4593707666","region":"DK","created_at":"4 months ago"},{"id":1447,"phone_number":"4593707665","region":"DK","created_at":"4 months ago"},{"id":1446,"phone_number":"4593707664","region":"DK","created_at":"4 months ago"},{"id":1445,"phone_number":"4593707663","region":"DK","created_at":"4 months ago"},{"id":1444,"phone_number":"4593707662","region":"DK","created_at":"4 months ago"},{"id":1443,"phone_number":"4593707661","region":"DK","created_at":"4 months ago"},{"id":1425,"phone_number":"4593707660","region":"DK","created_at":"4 months ago"},{"id":1424,"phone_number":"4593707659","region":"DK","created_at":"4 months ago"},{"id":1423,"phone_number":"4593707658","region":"DK","created_at":"4 months ago"},{"id":1422,"phone_number":"4593707657","region":"DK","created_at":"4 months ago"},{"id":1421,"phone_number":"4593707656","region":"DK","created_at":"4 months ago"},{"id":1403,"phone_number":"4593707655","region":"DK","created_at":"4 months ago"},{"id":1402,"phone_number":"4593707654","region":"DK","created_at":"4 months ago"},{"id":1401,"phone_number":"4593707653","region":"DK","created_at":"4 months ago"},{"id":1400,"phone_number":"4593707652","region":"DK","created_at":"4 months ago"},{"id":1399,"phone_number":"4593707651","region":"DK","created_at":"4 months ago"},{"id":1383,"phone_number":"4593707650","region":"DK","created_at":"4 months ago"},{"id":1382,"phone_number":"4593707649","region":"DK","created_at":"4 months ago"},{"id":1381,"phone_number":"4593707648","region":"DK","created_at":"4 months ago"},{"id":1380,"phone_number":"4593707647","region":"DK","created_at":"4 months ago"},{"id":1379,"phone_number":"4593707646","region":"DK","created_at":"4 months ago"},{"id":1368,"phone_number":"4593707645","region":"DK","created_at":"4 months ago"},{"id":1367,"phone_number":"4593707117","region":"DK","created_at":"4 months ago"},{"id":1366,"phone_number":"4593707116","region":"DK","created_at":"4 months ago"},{"id":1365,"phone_number":"4593707115","region":"DK","created_at":"4 months ago"},{"id":1364,"phone_number":"4593707114","region":"DK","created_at":"4 months ago"},{"id":1346,"phone_number":"4593707113","region":"DK","created_at":"4 months ago"},{"id":1345,"phone_number":"4593707112","region":"DK","created_at":"4 months ago"},{"id":1344,"phone_number":"4593707111","region":"DK","created_at":"4 months ago"},{"id":1343,"phone_number":"4593707110","region":"DK","created_at":"4 months ago"},{"id":1342,"phone_number":"4593707109","region":"DK","created_at":"4 months ago"},{"id":1341,"phone_number":"4593707108","region":"DK","created_at":"4 months ago"},{"id":1327,"phone_number":"4593707107","region":"DK","created_at":"4 months ago"},{"id":1326,"phone_number":"4593707106","region":"DK","created_at":"4 months ago"},{"id":1325,"phone_number":"4593707105","region":"DK","created_at":"4 months ago"},{"id":1324,"phone_number":"4593707104","region":"DK","created_at":"4 months ago"},{"id":1323,"phone_number":"4593707103","region":"DK","created_at":"4 months ago"},{"id":1307,"phone_number":"4593707101","region":"DK","created_at":"4 months ago"},{"id":1306,"phone_number":"4593707100","region":"DK","created_at":"4 months ago"},{"id":1305,"phone_number":"4593707099","region":"DK","created_at":"4 months ago"},{"id":1304,"phone_number":"4593707098","region":"DK","created_at":"4 months ago"},{"id":1303,"phone_number":"4593707097","region":"DK","created_at":"4 months ago"},{"id":1284,"phone_number":"4593707096","region":"DK","created_at":"4 months ago"},{"id":1283,"phone_number":"4593707095","region":"DK","created_at":"4 months ago"},{"id":1282,"phone_number":"4593707094","region":"DK","created_at":"4 months ago"},{"id":1281,"phone_number":"4593707093","region":"DK","created_at":"4 months ago"},{"id":1280,"phone_number":"4593707092","region":"DK","created_at":"4 months ago"},{"id":1264,"phone_number":"4593707091","region":"DK","created_at":"4 months ago"},{"id":1263,"phone_number":"4593707090","region":"DK","created_at":"4 months ago"},{"id":1262,"phone_number":"4593707089","region":"DK","created_at":"4 months ago"},{"id":1261,"phone_number":"4593707088","region":"DK","created_at":"4 months ago"},{"id":1260,"phone_number":"4593707087","region":"DK","created_at":"4 months ago"},{"id":1242,"phone_number":"4593707082","region":"DK","created_at":"4 months ago"},{"id":1241,"phone_number":"4593707080","region":"DK","created_at":"4 months ago"},{"id":1240,"phone_number":"4593707079","region":"DK","created_at":"4 months ago"},{"id":1239,"phone_number":"4593707078","region":"DK","created_at":"4 months ago"},{"id":1238,"phone_number":"4593707077","region":"DK","created_at":"4 months ago"},{"id":1198,"phone_number":"4593707076","region":"DK","created_at":"5 months ago"},{"id":1196,"phone_number":"4593707074","region":"DK","created_at":"5 months ago"},{"id":1184,"phone_number":"4593707073","region":"DK","created_at":"5 months ago"},{"id":1183,"phone_number":"4593707072","region":"DK","created_at":"5 months ago"},{"id":1182,"phone_number":"4593707071","region":"DK","created_at":"5 months ago"},{"id":1170,"phone_number":"4593707067","region":"DK","created_at":"5 months ago"},{"id":1169,"phone_number":"4593707066","region":"DK","created_at":"5 months ago"},{"id":1168,"phone_number":"4593707065","region":"DK","created_at":"5 months ago"},{"id":1156,"phone_number":"4593707064","region":"DK","created_at":"5 months ago"},{"id":1155,"phone_number":"4593707063","region":"DK","created_at":"5 months ago"},{"id":1154,"phone_number":"4593707062","region":"DK","created_at":"5 months ago"},{"id":1144,"phone_number":"4593707061","region":"DK","created_at":"5 months ago"},{"id":1143,"phone_number":"4593707060","region":"DK","created_at":"5 months ago"},{"id":1142,"phone_number":"4593707059","region":"DN","created_at":"5 months ago"},{"id":1015,"phone_number":"4593705871","region":"DK","created_at":"6 months ago"},{"id":1014,"phone_number":"4593705870","region":"DK","created_at":"6 months ago"},{"id":1004,"phone_number":"4593705869","region":"DK","created_at":"7 months ago"},{"id":1003,"phone_number":"4593705868","region":"DK","created_at":"7 months ago"},{"id":1002,"phone_number":"4593705867","region":"DK","created_at":"7 months ago"},{"id":990,"phone_number":"4593705866","region":"DK","created_at":"7 months ago"},{"id":989,"phone_number":"4593705865","region":"DK","created_at":"7 months ago"},{"id":988,"phone_number":"4593705864","region":"DK","created_at":"7 months ago"},{"id":976,"phone_number":"4593705863","region":"DK","created_at":"7 months ago"},{"id":975,"phone_number":"4593705862","region":"DK","created_at":"7 months ago"},{"id":974,"phone_number":"4593705861","region":"DK","created_at":"7 months ago"},{"id":962,"phone_number":"4593705860","region":"DK","created_at":"7 months ago"},{"id":961,"phone_number":"4593705859","region":"DK","created_at":"7 months ago"},{"id":960,"phone_number":"4593705858","region":"DK","created_at":"7 months ago"},{"id":948,"phone_number":"4593705857","region":"DK","created_at":"7 months ago"},{"id":947,"phone_number":"4593705855","region":"DK","created_at":"7 months ago"},{"id":946,"phone_number":"4593705854","region":"DK","created_at":"7 months ago"},{"id":931,"phone_number":"4593705853","region":"DK","created_at":"7 months ago"},{"id":930,"phone_number":"4593705852","region":"DK","created_at":"7 months ago"},{"id":929,"phone_number":"4593705851","region":"DK","created_at":"7 months ago"},{"id":917,"phone_number":"4593705600","region":"DK","created_at":"7 months ago"},{"id":916,"phone_number":"4593705599","region":"DK","created_at":"7 months ago"},{"id":915,"phone_number":"4593705598","region":"DK","created_at":"7 months ago"},{"id":891,"phone_number":"4593705597","region":"DK","created_at":"7 months ago"},{"id":890,"phone_number":"4593705596","region":"DK","created_at":"7 months ago"},{"id":889,"phone_number":"4593705595","region":"DK","created_at":"7 months ago"}]}