{"finland":[{"id":3625,"phone_number":"3584573987420","region":"Fi","created_at":"1 day ago"},{"id":3624,"phone_number":"3584573987419","region":"Fi","created_at":"1 day ago"},{"id":3623,"phone_number":"3584573987418","region":"Fi","created_at":"1 day ago"},{"id":3611,"phone_number":"3584573987417","region":"Fi","created_at":"2 days ago"},{"id":3610,"phone_number":"3584573987416","region":"Fi","created_at":"2 days ago"},{"id":3609,"phone_number":"3584573987415","region":"Fi","created_at":"2 days ago"},{"id":3594,"phone_number":"3584573987414","region":"Fi","created_at":"4 days ago"},{"id":3593,"phone_number":"3584573987413","region":"Fi","created_at":"4 days ago"},{"id":3592,"phone_number":"3584573987412","region":"Fi","created_at":"4 days ago"},{"id":3577,"phone_number":"3584573987411","region":"Fi","created_at":"1 week ago"},{"id":3576,"phone_number":"3584573987410","region":"Fi","created_at":"1 week ago"},{"id":3575,"phone_number":"3584573987409","region":"Fi","created_at":"1 week ago"},{"id":3562,"phone_number":"3584573987408","region":"Fi","created_at":"1 week ago"},{"id":3561,"phone_number":"3584573987407","region":"Fi","created_at":"1 week ago"},{"id":3560,"phone_number":"3584573987406","region":"Fi","created_at":"1 week ago"},{"id":3547,"phone_number":"3584573987405","region":"Fi","created_at":"1 week ago"},{"id":3546,"phone_number":"3584573987404","region":"Fi","created_at":"1 week ago"},{"id":3545,"phone_number":"3584573987403","region":"Fi","created_at":"1 week ago"},{"id":3530,"phone_number":"3584573987402","region":"Fi","created_at":"1 week ago"},{"id":3529,"phone_number":"3584573987401","region":"Fi","created_at":"1 week ago"},{"id":3528,"phone_number":"3584573987400","region":"Fi","created_at":"1 week ago"},{"id":3494,"phone_number":"3584573986749","region":"Fi","created_at":"3 weeks ago"},{"id":3493,"phone_number":"3584573986748","region":"Fi","created_at":"3 weeks ago"},{"id":3492,"phone_number":"3584573986747","region":"Fi","created_at":"3 weeks ago"},{"id":3491,"phone_number":"3584573986746","region":"Fi","created_at":"3 weeks ago"},{"id":3472,"phone_number":"3584573986744","region":"Fi","created_at":"3 weeks ago"},{"id":3471,"phone_number":"3584573986743","region":"Fi","created_at":"3 weeks ago"},{"id":3470,"phone_number":"3584573986742","region":"Fi","created_at":"3 weeks ago"},{"id":3469,"phone_number":"3584573986741","region":"Fi","created_at":"3 weeks ago"},{"id":3468,"phone_number":"3584573986740","region":"Fi","created_at":"3 weeks ago"},{"id":3450,"phone_number":"3584573986739","region":"Fi","created_at":"3 weeks ago"},{"id":3449,"phone_number":"3584573986738","region":"Fi","created_at":"3 weeks ago"},{"id":3448,"phone_number":"3584573986737","region":"Fi","created_at":"3 weeks ago"},{"id":3447,"phone_number":"3584573986736","region":"Fi","created_at":"3 weeks ago"},{"id":3446,"phone_number":"3584573986735","region":"Fi","created_at":"3 weeks ago"},{"id":3423,"phone_number":"3584573986734","region":"Fi","created_at":"3 weeks ago"},{"id":3422,"phone_number":"3584573986733","region":"Fi","created_at":"3 weeks ago"},{"id":3421,"phone_number":"3584573986732","region":"Fi","created_at":"3 weeks ago"},{"id":3420,"phone_number":"3584573986731","region":"Fi","created_at":"3 weeks ago"},{"id":3419,"phone_number":"3584573986730","region":"Fi","created_at":"3 weeks ago"},{"id":3391,"phone_number":"3584573986729","region":"Fi","created_at":"4 weeks ago"},{"id":3390,"phone_number":"3584573986728","region":"Fi","created_at":"4 weeks ago"},{"id":3389,"phone_number":"3584573986727","region":"Fi","created_at":"4 weeks ago"},{"id":3388,"phone_number":"3584573986726","region":"Fi","created_at":"4 weeks ago"},{"id":3387,"phone_number":"3584573986725","region":"Fi","created_at":"4 weeks ago"},{"id":3354,"phone_number":"3584573986724","region":"Fi","created_at":"1 month ago"},{"id":3353,"phone_number":"3584573986723","region":"Fi","created_at":"1 month ago"},{"id":3352,"phone_number":"3584573986722","region":"Fi","created_at":"1 month ago"},{"id":3351,"phone_number":"3584573986721","region":"Fi","created_at":"1 month ago"},{"id":3350,"phone_number":"3584573986720","region":"Fi","created_at":"1 month ago"},{"id":3314,"phone_number":"3584573986719","region":"Fi","created_at":"1 month ago"},{"id":3313,"phone_number":"3584573986718","region":"Fi","created_at":"1 month ago"},{"id":3312,"phone_number":"3584573986717","region":"Fi","created_at":"1 month ago"},{"id":3311,"phone_number":"3584573986716","region":"Fi","created_at":"1 month ago"},{"id":3310,"phone_number":"3584573986715","region":"Fi","created_at":"1 month ago"},{"id":3309,"phone_number":"3584573986714","region":"Fi","created_at":"1 month ago"},{"id":3308,"phone_number":"3584573986713","region":"Fi","created_at":"1 month ago"},{"id":3307,"phone_number":"3584573986712","region":"Fi","created_at":"1 month ago"},{"id":3306,"phone_number":"3584573986711","region":"Fi","created_at":"1 month ago"},{"id":3305,"phone_number":"3584573986710","region":"Fi","created_at":"1 month ago"},{"id":3267,"phone_number":"3584573986709","region":"Fi","created_at":"1 month ago"},{"id":3266,"phone_number":"3584573986708","region":"Fi","created_at":"1 month ago"},{"id":3265,"phone_number":"3584573986707","region":"Fi","created_at":"1 month ago"},{"id":3264,"phone_number":"3584573986706","region":"Fi","created_at":"1 month ago"},{"id":3263,"phone_number":"3584573986705","region":"Fi","created_at":"1 month ago"},{"id":3230,"phone_number":"3584573986704","region":"Fi","created_at":"1 month ago"},{"id":3229,"phone_number":"3584573986703","region":"Fi","created_at":"1 month ago"},{"id":3228,"phone_number":"3584573986702","region":"Fi","created_at":"1 month ago"},{"id":3227,"phone_number":"3584573986701","region":"Fi","created_at":"1 month ago"},{"id":3226,"phone_number":"3584573986700","region":"Fi","created_at":"1 month ago"},{"id":3180,"phone_number":"3584573984599","region":"Fi","created_at":"1 month ago"},{"id":3179,"phone_number":"3584573984598","region":"Fi","created_at":"1 month ago"},{"id":3178,"phone_number":"3584573984597","region":"Fi","created_at":"1 month ago"},{"id":3177,"phone_number":"3584573984596","region":"Fi","created_at":"1 month ago"},{"id":3176,"phone_number":"3584573984595","region":"Fi","created_at":"1 month ago"},{"id":3175,"phone_number":"3584573984594","region":"Fi","created_at":"1 month ago"},{"id":3174,"phone_number":"3584573984593","region":"Fi","created_at":"1 month ago"},{"id":3173,"phone_number":"3584573984592","region":"Fi","created_at":"1 month ago"},{"id":3172,"phone_number":"3584573984591","region":"Fi","created_at":"1 month ago"},{"id":3171,"phone_number":"3584573984590","region":"Fi","created_at":"1 month ago"},{"id":3130,"phone_number":"3584573984589","region":"Fi","created_at":"1 month ago"},{"id":3129,"phone_number":"3584573984588","region":"Fi","created_at":"1 month ago"},{"id":3128,"phone_number":"3584573984587","region":"Fi","created_at":"1 month ago"},{"id":3127,"phone_number":"3584573984586","region":"Fi","created_at":"1 month ago"},{"id":3126,"phone_number":"3584573984585","region":"Fi","created_at":"1 month ago"},{"id":3125,"phone_number":"3584573984584","region":"Fi","created_at":"1 month ago"},{"id":3124,"phone_number":"3584573984583","region":"Fi","created_at":"1 month ago"},{"id":3123,"phone_number":"3584573984582","region":"Fi","created_at":"1 month ago"},{"id":3122,"phone_number":"3584573984581","region":"Fi","created_at":"1 month ago"},{"id":3121,"phone_number":"3584573984580","region":"Fi","created_at":"1 month ago"},{"id":3077,"phone_number":"3584573984579","region":"Fi","created_at":"1 month ago"},{"id":3076,"phone_number":"3584573984578","region":"Fi","created_at":"1 month ago"},{"id":3075,"phone_number":"3584573984577","region":"Fi","created_at":"1 month ago"},{"id":3074,"phone_number":"3584573984576","region":"Fi","created_at":"1 month ago"},{"id":3073,"phone_number":"3584573984575","region":"Fi","created_at":"1 month ago"},{"id":3072,"phone_number":"3584573984574","region":"Fi","created_at":"1 month ago"},{"id":3071,"phone_number":"3584573984573","region":"Fi","created_at":"1 month ago"},{"id":3070,"phone_number":"3584573984572","region":"Fi","created_at":"1 month ago"},{"id":3069,"phone_number":"3584573984571","region":"Fi","created_at":"1 month ago"},{"id":3068,"phone_number":"3584573984570","region":"Fi","created_at":"1 month ago"},{"id":3025,"phone_number":"3584573984569","region":"Fi","created_at":"1 month ago"},{"id":3024,"phone_number":"3584573984568","region":"Fi","created_at":"1 month ago"},{"id":3023,"phone_number":"3584573984567","region":"Fi","created_at":"1 month ago"},{"id":3022,"phone_number":"3584573984566","region":"Fi","created_at":"1 month ago"},{"id":3021,"phone_number":"3584573984565","region":"Fi","created_at":"1 month ago"},{"id":3020,"phone_number":"3584573984564","region":"Fi","created_at":"1 month ago"},{"id":3019,"phone_number":"3584573984563","region":"Fi","created_at":"1 month ago"},{"id":3018,"phone_number":"3584573984562","region":"Fi","created_at":"1 month ago"},{"id":3017,"phone_number":"3584573984561","region":"Fi","created_at":"1 month ago"},{"id":3016,"phone_number":"3584573984560","region":"Fi","created_at":"1 month ago"},{"id":2975,"phone_number":"3584573984559","region":"Fi","created_at":"1 month ago"},{"id":2974,"phone_number":"3584573984558","region":"Fi","created_at":"1 month ago"},{"id":2973,"phone_number":"3584573984557","region":"Fi","created_at":"1 month ago"},{"id":2972,"phone_number":"3584573984556","region":"Fi","created_at":"1 month ago"},{"id":2971,"phone_number":"3584573984555","region":"Fi","created_at":"1 month ago"},{"id":2970,"phone_number":"3584573984554","region":"Fi","created_at":"1 month ago"},{"id":2969,"phone_number":"3584573984553","region":"Fi","created_at":"1 month ago"},{"id":2968,"phone_number":"3584573984552","region":"FI","created_at":"1 month ago"},{"id":2967,"phone_number":"3584573984551","region":"Fi","created_at":"1 month ago"},{"id":2966,"phone_number":"3584573984550","region":"Fi","created_at":"1 month ago"},{"id":2923,"phone_number":"3584573984549","region":"Fi","created_at":"1 month ago"},{"id":2922,"phone_number":"3584573984548","region":"Fi","created_at":"1 month ago"},{"id":2921,"phone_number":"3584573984547","region":"Fi","created_at":"1 month ago"},{"id":2920,"phone_number":"3584573984546","region":"Fi","created_at":"1 month ago"},{"id":2919,"phone_number":"3584573984545","region":"Fi","created_at":"1 month ago"},{"id":2918,"phone_number":"3584573984544","region":"Fi","created_at":"1 month ago"},{"id":2917,"phone_number":"3584573984543","region":"Fi","created_at":"1 month ago"},{"id":2916,"phone_number":"3584573984542","region":"Fi","created_at":"1 month ago"},{"id":2915,"phone_number":"3584573984541","region":"Fi","created_at":"1 month ago"},{"id":2914,"phone_number":"3584573984540","region":"Fi","created_at":"1 month ago"},{"id":2871,"phone_number":"3584573984539","region":"Fi","created_at":"1 month ago"},{"id":2870,"phone_number":"3584573984538","region":"Fi","created_at":"1 month ago"},{"id":2869,"phone_number":"3584573984537","region":"Fi","created_at":"1 month ago"},{"id":2868,"phone_number":"3584573984536","region":"Fi","created_at":"1 month ago"},{"id":2867,"phone_number":"3584573984535","region":"Fi","created_at":"1 month ago"},{"id":2866,"phone_number":"3584573984534","region":"Fi","created_at":"1 month ago"},{"id":2865,"phone_number":"3584573984533","region":"Fi","created_at":"1 month ago"},{"id":2864,"phone_number":"3584573984532","region":"Fi","created_at":"1 month ago"},{"id":2863,"phone_number":"3584573984531","region":"Fi","created_at":"1 month ago"},{"id":2862,"phone_number":"3584573984530","region":"Fi","created_at":"1 month ago"},{"id":2819,"phone_number":"3584573984529","region":"Fi","created_at":"1 month ago"},{"id":2818,"phone_number":"3584573984528","region":"Fi","created_at":"1 month ago"},{"id":2817,"phone_number":"3584573984527","region":"Fi","created_at":"1 month ago"},{"id":2816,"phone_number":"3584573984526","region":"Fi","created_at":"1 month ago"},{"id":2815,"phone_number":"3584573984525","region":"Fi","created_at":"1 month ago"},{"id":2814,"phone_number":"3584573984524","region":"Fi","created_at":"1 month ago"},{"id":2813,"phone_number":"3584573984523","region":"Fi","created_at":"1 month ago"},{"id":2812,"phone_number":"3584573984522","region":"Fi","created_at":"1 month ago"},{"id":2811,"phone_number":"3584573984521","region":"Fi","created_at":"1 month ago"},{"id":2810,"phone_number":"3584573984520","region":"Fi","created_at":"1 month ago"},{"id":2769,"phone_number":"3584573984519","region":"Fi","created_at":"1 month ago"},{"id":2768,"phone_number":"3584573984518","region":"Fi","created_at":"1 month ago"},{"id":2767,"phone_number":"3584573984517","region":"Fi","created_at":"1 month ago"},{"id":2766,"phone_number":"3584573984516","region":"Fi","created_at":"1 month ago"},{"id":2765,"phone_number":"3584573984515","region":"Fi","created_at":"1 month ago"},{"id":2764,"phone_number":"3584573984514","region":"Fi","created_at":"1 month ago"},{"id":2763,"phone_number":"3584573984513","region":"Fi","created_at":"1 month ago"},{"id":2762,"phone_number":"3584573984512","region":"Fi","created_at":"1 month ago"},{"id":2761,"phone_number":"3584573984511","region":"Fi","created_at":"1 month ago"},{"id":2760,"phone_number":"3584573984510","region":"Fi","created_at":"1 month ago"},{"id":2719,"phone_number":"3584573984509","region":"Fi","created_at":"1 month ago"},{"id":2718,"phone_number":"3584573984508","region":"Fi","created_at":"1 month ago"},{"id":2717,"phone_number":"3584573984507","region":"Fi","created_at":"1 month ago"},{"id":2716,"phone_number":"3584573984506","region":"Fi","created_at":"1 month ago"},{"id":2715,"phone_number":"3584573984505","region":"Fi","created_at":"1 month ago"},{"id":2714,"phone_number":"3584573984504","region":"Fi","created_at":"1 month ago"},{"id":2713,"phone_number":"3584573984503","region":"Fi","created_at":"1 month ago"},{"id":2712,"phone_number":"3584573984502","region":"Fi","created_at":"1 month ago"},{"id":2711,"phone_number":"3584573984501","region":"Fi","created_at":"1 month ago"},{"id":2710,"phone_number":"3584573984500","region":"Fi","created_at":"1 month ago"},{"id":2667,"phone_number":"3584573984499","region":"Fi","created_at":"1 month ago"},{"id":2666,"phone_number":"3584573984498","region":"Fi","created_at":"1 month ago"},{"id":2665,"phone_number":"3584573984497","region":"Fi","created_at":"1 month ago"},{"id":2664,"phone_number":"3584573984496","region":"Fi","created_at":"1 month ago"},{"id":2663,"phone_number":"3584573984495","region":"Fi","created_at":"1 month ago"},{"id":2662,"phone_number":"3584573984494","region":"Fi","created_at":"1 month ago"},{"id":2661,"phone_number":"3584573984493","region":"Fi","created_at":"1 month ago"},{"id":2660,"phone_number":"3584573984492","region":"Fi","created_at":"1 month ago"},{"id":2659,"phone_number":"3584573984491","region":"Fi","created_at":"1 month ago"},{"id":2658,"phone_number":"3584573984490","region":"Fi","created_at":"1 month ago"},{"id":2615,"phone_number":"3584573984489","region":"Fi","created_at":"1 month ago"},{"id":2614,"phone_number":"3584573984488","region":"Fi","created_at":"1 month ago"},{"id":2613,"phone_number":"3584573984487","region":"Fi","created_at":"1 month ago"},{"id":2612,"phone_number":"3584573984486","region":"Fi","created_at":"1 month ago"},{"id":2611,"phone_number":"3584573984485","region":"Fi","created_at":"1 month ago"},{"id":2610,"phone_number":"3584573984484","region":"Fi","created_at":"1 month ago"},{"id":2609,"phone_number":"3584573984483","region":"Fi","created_at":"1 month ago"},{"id":2608,"phone_number":"3584573984482","region":"Fi","created_at":"1 month ago"},{"id":2607,"phone_number":"3584573984481","region":"Fi","created_at":"1 month ago"},{"id":2606,"phone_number":"3584573984480","region":"Fi","created_at":"1 month ago"},{"id":2563,"phone_number":"3584573984479","region":"Fi","created_at":"1 month ago"},{"id":2562,"phone_number":"3584573984478","region":"Fi","created_at":"1 month ago"},{"id":2561,"phone_number":"3584573984477","region":"Fi","created_at":"1 month ago"},{"id":2560,"phone_number":"3584573984476","region":"Fi","created_at":"1 month ago"},{"id":2559,"phone_number":"3584573984475","region":"Fi","created_at":"1 month ago"},{"id":2558,"phone_number":"3584573984474","region":"Fi","created_at":"1 month ago"},{"id":2557,"phone_number":"3584573984473","region":"Fi","created_at":"1 month ago"},{"id":2556,"phone_number":"3584573984472","region":"Fi","created_at":"1 month ago"},{"id":2555,"phone_number":"3584573984471","region":"Fi","created_at":"1 month ago"},{"id":2554,"phone_number":"3584573984470","region":"Fi","created_at":"1 month ago"},{"id":2513,"phone_number":"3584573984469","region":"Fi","created_at":"1 month ago"},{"id":2512,"phone_number":"3584573984468","region":"Fi","created_at":"1 month ago"},{"id":2511,"phone_number":"3584573984467","region":"Fi","created_at":"1 month ago"},{"id":2510,"phone_number":"3584573984466","region":"Fi","created_at":"1 month ago"},{"id":2509,"phone_number":"3584573984465","region":"Fi","created_at":"1 month ago"},{"id":2508,"phone_number":"3584573984464","region":"Fi","created_at":"1 month ago"},{"id":2507,"phone_number":"3584573984463","region":"Fi","created_at":"1 month ago"},{"id":2506,"phone_number":"3584573984462","region":"Fi","created_at":"1 month ago"},{"id":2505,"phone_number":"3584573984461","region":"Fi","created_at":"1 month ago"},{"id":2504,"phone_number":"3584573984460","region":"Fi","created_at":"1 month ago"},{"id":2471,"phone_number":"3584573984459","region":"Fi","created_at":"2 months ago"},{"id":2470,"phone_number":"3584573984458","region":"Fi","created_at":"2 months ago"},{"id":2469,"phone_number":"3584573984457","region":"Fi","created_at":"2 months ago"},{"id":2468,"phone_number":"3584573984456","region":"Fi","created_at":"2 months ago"},{"id":2467,"phone_number":"3584573984455","region":"Fi","created_at":"2 months ago"},{"id":2466,"phone_number":"3584573984454","region":"Fi","created_at":"2 months ago"},{"id":2465,"phone_number":"3584573984453","region":"Fi","created_at":"2 months ago"},{"id":2464,"phone_number":"3584573984452","region":"Fi","created_at":"2 months ago"},{"id":2463,"phone_number":"3584573984451","region":"Fi","created_at":"2 months ago"},{"id":2462,"phone_number":"3584573984450","region":"Fi","created_at":"2 months ago"},{"id":2419,"phone_number":"3584573984449","region":"Fi","created_at":"2 months ago"},{"id":2418,"phone_number":"3584573984448","region":"Fi","created_at":"2 months ago"},{"id":2417,"phone_number":"3584573984447","region":"Fi","created_at":"2 months ago"},{"id":2416,"phone_number":"3584573984446","region":"Fi","created_at":"2 months ago"},{"id":2415,"phone_number":"3584573984445","region":"Fi","created_at":"2 months ago"},{"id":2414,"phone_number":"3584573984444","region":"Fi","created_at":"2 months ago"},{"id":2413,"phone_number":"3584573984443","region":"Fi","created_at":"2 months ago"},{"id":2412,"phone_number":"3584573984442","region":"Fi","created_at":"2 months ago"},{"id":2411,"phone_number":"3584573984441","region":"Fi","created_at":"2 months ago"},{"id":2410,"phone_number":"3584573984440","region":"Fi","created_at":"2 months ago"},{"id":2367,"phone_number":"3584573984439","region":"Fi","created_at":"2 months ago"},{"id":2366,"phone_number":"3584573984438","region":"Fi","created_at":"2 months ago"},{"id":2365,"phone_number":"3584573984437","region":"Fi","created_at":"2 months ago"},{"id":2364,"phone_number":"3584573984436","region":"Fi","created_at":"2 months ago"},{"id":2363,"phone_number":"3584573984435","region":"Fi","created_at":"2 months ago"},{"id":2362,"phone_number":"3584573984434","region":"Fi","created_at":"2 months ago"},{"id":2361,"phone_number":"3584573984433","region":"Fi","created_at":"2 months ago"},{"id":2360,"phone_number":"3584573984432","region":"Fi","created_at":"2 months ago"},{"id":2359,"phone_number":"3584573984431","region":"Fi","created_at":"2 months ago"},{"id":2358,"phone_number":"3584573984430","region":"Fi","created_at":"2 months ago"},{"id":2317,"phone_number":"3584573984429","region":"Fi","created_at":"2 months ago"},{"id":2316,"phone_number":"3584573984428","region":"Fi","created_at":"2 months ago"},{"id":2315,"phone_number":"3584573984427","region":"Fi","created_at":"2 months ago"},{"id":2314,"phone_number":"3584573984426","region":"Fi","created_at":"2 months ago"},{"id":2313,"phone_number":"3584573984425","region":"Fi","created_at":"2 months ago"},{"id":2312,"phone_number":"3584573984424","region":"Fi","created_at":"2 months ago"},{"id":2311,"phone_number":"3584573984423","region":"Fi","created_at":"2 months ago"},{"id":2310,"phone_number":"3584573984422","region":"Fi","created_at":"2 months ago"},{"id":2309,"phone_number":"3584573984421","region":"Fi","created_at":"2 months ago"},{"id":2308,"phone_number":"3584573984420","region":"Fi","created_at":"2 months ago"},{"id":2244,"phone_number":"3584573984419","region":"Fi","created_at":"2 months ago"},{"id":2243,"phone_number":"3584573984418","region":"Fi","created_at":"2 months ago"},{"id":2242,"phone_number":"3584573984417","region":"Fi","created_at":"2 months ago"},{"id":2241,"phone_number":"3584573984416","region":"Fi","created_at":"2 months ago"},{"id":2240,"phone_number":"3584573984415","region":"Fi","created_at":"2 months ago"},{"id":2239,"phone_number":"3584573984414","region":"Fi","created_at":"2 months ago"},{"id":2238,"phone_number":"3584573984413","region":"Fi","created_at":"2 months ago"},{"id":2237,"phone_number":"3584573984412","region":"Fi","created_at":"2 months ago"},{"id":2236,"phone_number":"3584573984411","region":"Fi","created_at":"2 months ago"},{"id":2235,"phone_number":"3584573984410","region":"Fi","created_at":"2 months ago"},{"id":2209,"phone_number":"3584573984409","region":"Fi","created_at":"2 months ago"},{"id":2208,"phone_number":"3584573984408","region":"Fi","created_at":"2 months ago"},{"id":2207,"phone_number":"3584573984407","region":"Fi","created_at":"2 months ago"},{"id":2206,"phone_number":"3584573984406","region":"Fi","created_at":"2 months ago"},{"id":2205,"phone_number":"3584573984405","region":"Fi","created_at":"2 months ago"},{"id":2184,"phone_number":"3584573984404","region":"Fi","created_at":"2 months ago"},{"id":2183,"phone_number":"3584573984403","region":"Fi","created_at":"2 months ago"},{"id":2182,"phone_number":"3584573984402","region":"Fi","created_at":"2 months ago"},{"id":2181,"phone_number":"3584573984401","region":"Fi","created_at":"2 months ago"},{"id":2180,"phone_number":"3584573984400","region":"Fi","created_at":"2 months ago"},{"id":2152,"phone_number":"3584573989699","region":"Fi","created_at":"2 months ago"},{"id":2151,"phone_number":"3584573989698","region":"Fi","created_at":"2 months ago"},{"id":2150,"phone_number":"3584573989697","region":"Fi","created_at":"2 months ago"},{"id":2149,"phone_number":"3584573989696","region":"Fi","created_at":"2 months ago"},{"id":2148,"phone_number":"3584573989695","region":"Fi","created_at":"2 months ago"},{"id":2147,"phone_number":"3584573989694","region":"Fi","created_at":"2 months ago"},{"id":2146,"phone_number":"3584573989693","region":"Fi","created_at":"2 months ago"},{"id":2145,"phone_number":"3584573989692","region":"Fi","created_at":"2 months ago"},{"id":2144,"phone_number":"3584573989691","region":"Fi","created_at":"2 months ago"},{"id":2143,"phone_number":"3584573989690","region":"Fi","created_at":"2 months ago"},{"id":2117,"phone_number":"3584573989689","region":"Fi","created_at":"2 months ago"},{"id":2116,"phone_number":"3584573989688","region":"Fi","created_at":"2 months ago"},{"id":2115,"phone_number":"3584573989687","region":"Fi","created_at":"2 months ago"},{"id":2114,"phone_number":"3584573989686","region":"Fi","created_at":"2 months ago"},{"id":2113,"phone_number":"3584573989685","region":"Fi","created_at":"2 months ago"},{"id":2085,"phone_number":"3584573989684","region":"Fi","created_at":"2 months ago"},{"id":2084,"phone_number":"3584573989683","region":"Fi","created_at":"2 months ago"},{"id":2083,"phone_number":"3584573989682","region":"Fi","created_at":"2 months ago"},{"id":2082,"phone_number":"3584573989681","region":"Fi","created_at":"2 months ago"},{"id":2081,"phone_number":"3584573989680","region":"Fi","created_at":"2 months ago"},{"id":2033,"phone_number":"3584573989679","region":"Fi","created_at":"2 months ago"},{"id":2032,"phone_number":"3584573989678","region":"Fi","created_at":"2 months ago"},{"id":2031,"phone_number":"3584573989677","region":"Fi","created_at":"2 months ago"},{"id":2030,"phone_number":"3584573989676","region":"Fi","created_at":"2 months ago"},{"id":2029,"phone_number":"3584573989675","region":"Fi","created_at":"2 months ago"},{"id":2008,"phone_number":"3584573989674","region":"Fi","created_at":"2 months ago"},{"id":2007,"phone_number":"3584573989673","region":"Fi","created_at":"2 months ago"},{"id":2006,"phone_number":"3584573989672","region":"Fi","created_at":"2 months ago"},{"id":2005,"phone_number":"3584573989671","region":"Fi","created_at":"2 months ago"},{"id":2004,"phone_number":"3584573989670","region":"Fi","created_at":"2 months ago"},{"id":1981,"phone_number":"3584573989669","region":"Fi","created_at":"2 months ago"},{"id":1980,"phone_number":"3584573989668","region":"Fi","created_at":"2 months ago"},{"id":1979,"phone_number":"3584573989667","region":"Fi","created_at":"2 months ago"},{"id":1978,"phone_number":"3584573989666","region":"Fi","created_at":"2 months ago"},{"id":1977,"phone_number":"3584573989665","region":"Fi","created_at":"2 months ago"},{"id":1954,"phone_number":"3584573989664","region":"Fi","created_at":"2 months ago"},{"id":1953,"phone_number":"3584573989663","region":"Fi","created_at":"2 months ago"},{"id":1952,"phone_number":"3584573989662","region":"Fi","created_at":"2 months ago"},{"id":1950,"phone_number":"3584573989660","region":"Fi","created_at":"2 months ago"},{"id":1929,"phone_number":"3584573989659","region":"Fi","created_at":"2 months ago"},{"id":1928,"phone_number":"3584573989658","region":"Fi","created_at":"2 months ago"},{"id":1927,"phone_number":"3584573989657","region":"Fi","created_at":"2 months ago"},{"id":1926,"phone_number":"3584573989656","region":"Fi","created_at":"2 months ago"},{"id":1925,"phone_number":"3584573989655","region":"Fi","created_at":"2 months ago"},{"id":1902,"phone_number":"3584573989654","region":"Fi","created_at":"2 months ago"},{"id":1901,"phone_number":"3584573989653","region":"Fi","created_at":"2 months ago"},{"id":1900,"phone_number":"3584573989652","region":"Fi","created_at":"2 months ago"},{"id":1899,"phone_number":"3584573989651","region":"Fi","created_at":"2 months ago"},{"id":1898,"phone_number":"3584573989650","region":"Fi","created_at":"2 months ago"},{"id":1877,"phone_number":"3584573989649","region":"Fi","created_at":"2 months ago"},{"id":1876,"phone_number":"3584573989648","region":"Fi","created_at":"2 months ago"},{"id":1875,"phone_number":"3584573989647","region":"Fi","created_at":"2 months ago"},{"id":1874,"phone_number":"3584573989646","region":"Fi","created_at":"2 months ago"},{"id":1873,"phone_number":"3584573989645","region":"Fi","created_at":"2 months ago"},{"id":1850,"phone_number":"3584573989644","region":"Fi","created_at":"3 months ago"},{"id":1849,"phone_number":"3584573989643","region":"Fi","created_at":"3 months ago"},{"id":1848,"phone_number":"3584573989642","region":"Fi","created_at":"3 months ago"},{"id":1847,"phone_number":"3584573989641","region":"Fi","created_at":"3 months ago"},{"id":1846,"phone_number":"3584573989640","region":"Fi","created_at":"3 months ago"},{"id":1823,"phone_number":"3584573989639","region":"Fi","created_at":"3 months ago"},{"id":1822,"phone_number":"3584573989638","region":"Fi","created_at":"3 months ago"},{"id":1821,"phone_number":"3584573989637","region":"Fi","created_at":"3 months ago"},{"id":1820,"phone_number":"3584573989636","region":"Fi","created_at":"3 months ago"},{"id":1819,"phone_number":"3584573989635","region":"Fi","created_at":"3 months ago"},{"id":1796,"phone_number":"3584573989634","region":"Fi","created_at":"3 months ago"},{"id":1795,"phone_number":"3584573989633","region":"Fi","created_at":"3 months ago"},{"id":1794,"phone_number":"3584573989632","region":"Fi","created_at":"3 months ago"},{"id":1793,"phone_number":"3584573989631","region":"Fi","created_at":"3 months ago"},{"id":1792,"phone_number":"3584573989630","region":"Fi","created_at":"3 months ago"},{"id":1769,"phone_number":"3584573989629","region":"Fi","created_at":"3 months ago"},{"id":1768,"phone_number":"3584573989628","region":"Fi","created_at":"3 months ago"},{"id":1767,"phone_number":"3584573989627","region":"Fi","created_at":"3 months ago"},{"id":1766,"phone_number":"3584573989626","region":"Fi","created_at":"3 months ago"},{"id":1765,"phone_number":"3584573989625","region":"Fi","created_at":"3 months ago"},{"id":1742,"phone_number":"3584573989624","region":"Fi","created_at":"3 months ago"},{"id":1741,"phone_number":"3584573989623","region":"Fi","created_at":"3 months ago"},{"id":1740,"phone_number":"3584573989622","region":"Fi","created_at":"3 months ago"},{"id":1739,"phone_number":"3584573989621","region":"Fi","created_at":"3 months ago"},{"id":1738,"phone_number":"3584573989620","region":"Fi","created_at":"3 months ago"},{"id":1722,"phone_number":"3584573989619","region":"Fi","created_at":"3 months ago"},{"id":1721,"phone_number":"3584573989618","region":"Fi","created_at":"3 months ago"},{"id":1720,"phone_number":"3584573989617","region":"Fi","created_at":"3 months ago"},{"id":1719,"phone_number":"3584573989616","region":"Fi","created_at":"3 months ago"},{"id":1718,"phone_number":"3584573989615","region":"Fi","created_at":"3 months ago"},{"id":1696,"phone_number":"3584573989614","region":"Fi","created_at":"3 months ago"},{"id":1695,"phone_number":"3584573989613","region":"Fi","created_at":"3 months ago"},{"id":1694,"phone_number":"3584573989612","region":"Fi","created_at":"3 months ago"},{"id":1693,"phone_number":"3584573989611","region":"Fi","created_at":"3 months ago"},{"id":1692,"phone_number":"3584573989610","region":"Fi","created_at":"3 months ago"},{"id":1673,"phone_number":"3584573989609","region":"Fi","created_at":"3 months ago"},{"id":1672,"phone_number":"3584573989608","region":"Fi","created_at":"3 months ago"},{"id":1671,"phone_number":"3584573989607","region":"Fi","created_at":"3 months ago"},{"id":1670,"phone_number":"3584573989606","region":"Fi","created_at":"3 months ago"},{"id":1669,"phone_number":"3584573989605","region":"Fi","created_at":"3 months ago"},{"id":1653,"phone_number":"3584573989604","region":"Fi","created_at":"3 months ago"},{"id":1652,"phone_number":"3584573989603","region":"Fi","created_at":"3 months ago"},{"id":1651,"phone_number":"3584573989602","region":"Fi","created_at":"3 months ago"},{"id":1650,"phone_number":"3584573989601","region":"Fi","created_at":"3 months ago"},{"id":1649,"phone_number":"3584573989600","region":"Fi","created_at":"3 months ago"},{"id":1631,"phone_number":"3584573988599","region":"Fi","created_at":"3 months ago"},{"id":1630,"phone_number":"3584573988598","region":"Fi","created_at":"3 months ago"},{"id":1629,"phone_number":"3584573988597","region":"Fi","created_at":"3 months ago"},{"id":1628,"phone_number":"3584573988596","region":"Fi","created_at":"3 months ago"},{"id":1627,"phone_number":"3584573988595","region":"Fi","created_at":"3 months ago"},{"id":1611,"phone_number":"3584573988594","region":"Fi","created_at":"3 months ago"},{"id":1610,"phone_number":"3584573988593","region":"Fi","created_at":"3 months ago"},{"id":1609,"phone_number":"3584573988592","region":"Fi","created_at":"3 months ago"},{"id":1608,"phone_number":"3584573988591","region":"Fi","created_at":"3 months ago"},{"id":1607,"phone_number":"3584573988590","region":"Fi","created_at":"3 months ago"},{"id":1594,"phone_number":"3584573988589","region":"Fi","created_at":"3 months ago"},{"id":1593,"phone_number":"3584573988588","region":"Fi","created_at":"3 months ago"},{"id":1592,"phone_number":"3584573988587","region":"Fi","created_at":"3 months ago"},{"id":1591,"phone_number":"3584573988586","region":"Fi","created_at":"3 months ago"},{"id":1590,"phone_number":"3584573988585","region":"Fi","created_at":"3 months ago"},{"id":1574,"phone_number":"3584573988584","region":"Fi","created_at":"3 months ago"},{"id":1573,"phone_number":"3584573988583","region":"Fi","created_at":"3 months ago"},{"id":1572,"phone_number":"3584573988582","region":"Fi","created_at":"3 months ago"},{"id":1571,"phone_number":"3584573988581","region":"Fi","created_at":"3 months ago"},{"id":1570,"phone_number":"3584573988580","region":"Fi","created_at":"3 months ago"},{"id":1552,"phone_number":"3584573988579","region":"Fi","created_at":"3 months ago"},{"id":1551,"phone_number":"3584573988578","region":"Fi","created_at":"3 months ago"},{"id":1550,"phone_number":"3584573988577","region":"Fi","created_at":"3 months ago"},{"id":1549,"phone_number":"3584573988576","region":"Fi","created_at":"3 months ago"},{"id":1548,"phone_number":"3584573988575","region":"Fi","created_at":"3 months ago"},{"id":1530,"phone_number":"3584573988574","region":"Fi","created_at":"3 months ago"},{"id":1529,"phone_number":"3584573988573","region":"Fi","created_at":"3 months ago"},{"id":1528,"phone_number":"3584573988572","region":"Fi","created_at":"3 months ago"},{"id":1527,"phone_number":"3584573988571","region":"Fi","created_at":"3 months ago"},{"id":1526,"phone_number":"3584573988570","region":"Fi","created_at":"3 months ago"},{"id":1508,"phone_number":"3584573988569","region":"Fi","created_at":"3 months ago"},{"id":1507,"phone_number":"3584573988568","region":"Fi","created_at":"3 months ago"},{"id":1506,"phone_number":"3584573988567","region":"Fi","created_at":"3 months ago"},{"id":1505,"phone_number":"3584573988566","region":"Fi","created_at":"3 months ago"},{"id":1504,"phone_number":"3584573988565","region":"Fi","created_at":"3 months ago"},{"id":1486,"phone_number":"3584573988564","region":"Fi","created_at":"3 months ago"},{"id":1485,"phone_number":"3584573988563","region":"Fi","created_at":"3 months ago"},{"id":1484,"phone_number":"3584573988562","region":"Fi","created_at":"3 months ago"},{"id":1483,"phone_number":"3584573988561","region":"Fi","created_at":"3 months ago"},{"id":1482,"phone_number":"3584573988560","region":"Fi","created_at":"3 months ago"},{"id":1464,"phone_number":"3584573988559","region":"Fi","created_at":"4 months ago"},{"id":1463,"phone_number":"3584573988558","region":"Fi","created_at":"4 months ago"},{"id":1462,"phone_number":"3584573988557","region":"Fi","created_at":"4 months ago"},{"id":1461,"phone_number":"3584573988556","region":"Fi","created_at":"4 months ago"},{"id":1460,"phone_number":"3584573988555","region":"Fi","created_at":"4 months ago"},{"id":1442,"phone_number":"3584573988554","region":"Fi","created_at":"4 months ago"},{"id":1441,"phone_number":"3584573988553","region":"Fi","created_at":"4 months ago"},{"id":1440,"phone_number":"3584573988552","region":"Fi","created_at":"4 months ago"},{"id":1439,"phone_number":"3584573988551","region":"Fi","created_at":"4 months ago"},{"id":1438,"phone_number":"3584573988550","region":"Fi","created_at":"4 months ago"},{"id":1420,"phone_number":"3584573988549","region":"Fi","created_at":"4 months ago"},{"id":1419,"phone_number":"3584573988548","region":"Fi","created_at":"4 months ago"},{"id":1418,"phone_number":"3584573988547","region":"Fi","created_at":"4 months ago"},{"id":1417,"phone_number":"3584573988546","region":"Fi","created_at":"4 months ago"},{"id":1416,"phone_number":"3584573988545","region":"Fi","created_at":"4 months ago"},{"id":1398,"phone_number":"3584573988544","region":"Fi","created_at":"4 months ago"},{"id":1397,"phone_number":"3584573988543","region":"Fi","created_at":"4 months ago"},{"id":1396,"phone_number":"3584573988542","region":"Fi","created_at":"4 months ago"},{"id":1395,"phone_number":"3584573988541","region":"Fi","created_at":"4 months ago"},{"id":1394,"phone_number":"3584573988540","region":"Fi","created_at":"4 months ago"},{"id":1378,"phone_number":"3584573988539","region":"Fi","created_at":"4 months ago"},{"id":1377,"phone_number":"3584573988538","region":"Fi","created_at":"4 months ago"},{"id":1376,"phone_number":"3584573988537","region":"Fi","created_at":"4 months ago"},{"id":1375,"phone_number":"3584573988536","region":"Fi","created_at":"4 months ago"},{"id":1374,"phone_number":"3584573988535","region":"Fi","created_at":"4 months ago"},{"id":1363,"phone_number":"3584573988534","region":"Fi","created_at":"4 months ago"},{"id":1362,"phone_number":"3584573988533","region":"Fi","created_at":"4 months ago"},{"id":1361,"phone_number":"3584573988532","region":"Fi","created_at":"4 months ago"},{"id":1360,"phone_number":"3584573988531","region":"Fi","created_at":"4 months ago"},{"id":1359,"phone_number":"3584573988530","region":"Fi","created_at":"4 months ago"},{"id":1351,"phone_number":"3584573988529","region":"Fi","created_at":"4 months ago"},{"id":1350,"phone_number":"3584573988528","region":"Fi","created_at":"4 months ago"},{"id":1349,"phone_number":"3584573988527","region":"Fi","created_at":"4 months ago"},{"id":1348,"phone_number":"3584573988526","region":"Fi","created_at":"4 months ago"},{"id":1347,"phone_number":"3584573988525","region":"Fi","created_at":"4 months ago"},{"id":1332,"phone_number":"3584573988524","region":"Fi","created_at":"4 months ago"},{"id":1331,"phone_number":"3584573988523","region":"Fi","created_at":"4 months ago"},{"id":1330,"phone_number":"3584573988522","region":"Fi","created_at":"4 months ago"},{"id":1329,"phone_number":"3584573988521","region":"Fi","created_at":"4 months ago"},{"id":1328,"phone_number":"3584573988520","region":"Fi","created_at":"4 months ago"},{"id":1312,"phone_number":"3584573988519","region":"Fi","created_at":"4 months ago"},{"id":1311,"phone_number":"3584573988518","region":"Fi","created_at":"4 months ago"},{"id":1310,"phone_number":"3584573988517","region":"Fi","created_at":"4 months ago"},{"id":1309,"phone_number":"3584573988516","region":"Fi","created_at":"4 months ago"},{"id":1308,"phone_number":"3584573988515","region":"Fi","created_at":"4 months ago"},{"id":1290,"phone_number":"3584573988514","region":"Fi","created_at":"4 months ago"},{"id":1289,"phone_number":"3584573988513","region":"Fi","created_at":"4 months ago"},{"id":1288,"phone_number":"3584573988512","region":"Fi","created_at":"4 months ago"},{"id":1286,"phone_number":"3584573988511","region":"Fi","created_at":"4 months ago"},{"id":1285,"phone_number":"3584573988510","region":"Fi","created_at":"4 months ago"},{"id":1269,"phone_number":"3584573988509","region":"Fi","created_at":"4 months ago"},{"id":1268,"phone_number":"3584573988508","region":"Fi","created_at":"4 months ago"},{"id":1267,"phone_number":"3584573988507","region":"Fi","created_at":"4 months ago"},{"id":1266,"phone_number":"3584573988506","region":"Fi","created_at":"4 months ago"},{"id":1265,"phone_number":"3584573988505","region":"Fi","created_at":"4 months ago"},{"id":1247,"phone_number":"3584573988504","region":"Fi","created_at":"4 months ago"},{"id":1246,"phone_number":"3584573988503","region":"Fi","created_at":"4 months ago"},{"id":1245,"phone_number":"3584573988502","region":"Fi","created_at":"4 months ago"},{"id":1244,"phone_number":"3584573988501","region":"Fi","created_at":"4 months ago"},{"id":1243,"phone_number":"3584573988500","region":"Fi","created_at":"4 months ago"},{"id":1226,"phone_number":"3584573968894","region":"Fi","created_at":"4 months ago"},{"id":1225,"phone_number":"3584573968893","region":"Fi","created_at":"4 months ago"},{"id":1212,"phone_number":"3584573968892","region":"Fi","created_at":"5 months ago"},{"id":1211,"phone_number":"3584573968891","region":"Fi","created_at":"5 months ago"},{"id":1210,"phone_number":"3584573968890","region":"Fi","created_at":"5 months ago"},{"id":1201,"phone_number":"3584573968889","region":"Fi","created_at":"5 months ago"},{"id":1200,"phone_number":"3584573968888","region":"Fi","created_at":"5 months ago"},{"id":1199,"phone_number":"3584573968887","region":"Fi","created_at":"5 months ago"},{"id":1197,"phone_number":"4593707075","region":"DK","created_at":"5 months ago"},{"id":1187,"phone_number":"3584573968886","region":"Fi","created_at":"5 months ago"},{"id":1186,"phone_number":"3584573968885","region":"Fi","created_at":"5 months ago"},{"id":1185,"phone_number":"3584573968884","region":"Fi","created_at":"5 months ago"},{"id":1173,"phone_number":"3584573968883","region":"Fi","created_at":"5 months ago"},{"id":1172,"phone_number":"3584573968882","region":"Fi","created_at":"5 months ago"},{"id":1171,"phone_number":"3584573968881","region":"Fi","created_at":"5 months ago"},{"id":1159,"phone_number":"3584573968880","region":"Fi","created_at":"5 months ago"},{"id":1158,"phone_number":"3584573968879","region":"Fi","created_at":"5 months ago"},{"id":1157,"phone_number":"3584573968878","region":"Fi","created_at":"5 months ago"},{"id":1147,"phone_number":"3584573968877","region":"FN","created_at":"5 months ago"},{"id":1146,"phone_number":"3584573968876","region":"FN","created_at":"5 months ago"},{"id":1145,"phone_number":"3584573968875","region":"FN","created_at":"5 months ago"},{"id":1017,"phone_number":"3584573969329","region":"Fi","created_at":"6 months ago"},{"id":1016,"phone_number":"3584573969328","region":"Fi","created_at":"6 months ago"},{"id":1007,"phone_number":"3584573969327","region":"Fi","created_at":"7 months ago"},{"id":1006,"phone_number":"3584573969326","region":"Fi","created_at":"7 months ago"},{"id":1005,"phone_number":"3584573969325","region":"Fi","created_at":"7 months ago"},{"id":993,"phone_number":"3584573969324","region":"Fi","created_at":"7 months ago"},{"id":992,"phone_number":"3584573969323","region":"Fi","created_at":"7 months ago"},{"id":991,"phone_number":"3584573969322","region":"Fi","created_at":"7 months ago"},{"id":979,"phone_number":"3584573969321","region":"Fi","created_at":"7 months ago"},{"id":978,"phone_number":"3584573969320","region":"Fi","created_at":"7 months ago"},{"id":977,"phone_number":"3584573969319","region":"Fi","created_at":"7 months ago"},{"id":965,"phone_number":"3584573969318","region":"Fi","created_at":"7 months ago"},{"id":964,"phone_number":"3584573969317","region":"Fi","created_at":"7 months ago"},{"id":963,"phone_number":"3584573969316","region":"Fi","created_at":"7 months ago"},{"id":951,"phone_number":"3584573969315","region":"Fi","created_at":"7 months ago"},{"id":950,"phone_number":"3584573969314","region":"Fi","created_at":"7 months ago"},{"id":949,"phone_number":"3584573969313","region":"Fi","created_at":"7 months ago"},{"id":934,"phone_number":"3584573969312","region":"Fi","created_at":"7 months ago"},{"id":933,"phone_number":"3584573969311","region":"Fi","created_at":"7 months ago"},{"id":932,"phone_number":"3584573969310","region":"Fi","created_at":"7 months ago"},{"id":912,"phone_number":"3584573969129","region":"Fi","created_at":"7 months ago"},{"id":911,"phone_number":"3584573969128","region":"Fi","created_at":"7 months ago"},{"id":900,"phone_number":"3584573969127","region":"Fi","created_at":"7 months ago"},{"id":898,"phone_number":"3584573969126","region":"Fi","created_at":"7 months ago"},{"id":881,"phone_number":"3584573969125","region":"Fi","created_at":"8 months ago"},{"id":880,"phone_number":"3584573969124","region":"Fi","created_at":"8 months ago"},{"id":848,"phone_number":"3584573969123","region":"Fi","created_at":"8 months ago"},{"id":847,"phone_number":"3584573969122","region":"Fi","created_at":"8 months ago"},{"id":840,"phone_number":"3584573969121","region":"Fi","created_at":"8 months ago"},{"id":839,"phone_number":"3584573969120","region":"Fi","created_at":"8 months ago"},{"id":749,"phone_number":"3584573966159","region":"Fi","created_at":"10 months ago"},{"id":746,"phone_number":"3584573966158","region":"Fi","created_at":"10 months ago"},{"id":745,"phone_number":"3584573966157","region":"Fi","created_at":"10 months ago"},{"id":744,"phone_number":"3584573966156","region":"FI","created_at":"10 months ago"},{"id":743,"phone_number":"3584573966155","region":"FI","created_at":"10 months ago"}]}