{"france":[{"id":3628,"phone_number":"33756495620","region":"FR","created_at":"1 day ago"},{"id":3627,"phone_number":"33756495619","region":"FR","created_at":"1 day ago"},{"id":3626,"phone_number":"33756495618","region":"FR","created_at":"1 day ago"},{"id":3614,"phone_number":"33756495617","region":"FR","created_at":"2 days ago"},{"id":3613,"phone_number":"33756495616","region":"FR","created_at":"2 days ago"},{"id":3612,"phone_number":"33756495615","region":"FR","created_at":"2 days ago"},{"id":3597,"phone_number":"33756495614","region":"FR","created_at":"4 days ago"},{"id":3596,"phone_number":"33756495613","region":"FR","created_at":"4 days ago"},{"id":3595,"phone_number":"33756495612","region":"FR","created_at":"4 days ago"},{"id":3580,"phone_number":"33756495611","region":"FR","created_at":"1 week ago"},{"id":3579,"phone_number":"33756495610","region":"FR","created_at":"1 week ago"},{"id":3578,"phone_number":"33756495609","region":"FR","created_at":"1 week ago"},{"id":3565,"phone_number":"33756495608","region":"FR","created_at":"1 week ago"},{"id":3564,"phone_number":"33756495607","region":"FR","created_at":"1 week ago"},{"id":3563,"phone_number":"33756495606","region":"FR","created_at":"1 week ago"},{"id":3550,"phone_number":"33756495605","region":"FR","created_at":"1 week ago"},{"id":3549,"phone_number":"33756495604","region":"FR","created_at":"1 week ago"},{"id":3548,"phone_number":"33756495603","region":"FR","created_at":"1 week ago"},{"id":3533,"phone_number":"33756495602","region":"FR","created_at":"1 week ago"},{"id":3532,"phone_number":"33756495601","region":"FR","created_at":"1 week ago"},{"id":3531,"phone_number":"33756495600","region":"FR","created_at":"1 week ago"},{"id":3504,"phone_number":"33756494749","region":"FR","created_at":"3 weeks ago"},{"id":3503,"phone_number":"33756494748","region":"FR","created_at":"3 weeks ago"},{"id":3502,"phone_number":"33756494747","region":"FR","created_at":"3 weeks ago"},{"id":3501,"phone_number":"33756494746","region":"FR","created_at":"3 weeks ago"},{"id":3500,"phone_number":"33756494745","region":"FR","created_at":"3 weeks ago"},{"id":3490,"phone_number":"3584573986745","region":"Fi","created_at":"3 weeks ago"},{"id":3482,"phone_number":"33756494744","region":"FR","created_at":"3 weeks ago"},{"id":3481,"phone_number":"33756494743","region":"FR","created_at":"3 weeks ago"},{"id":3480,"phone_number":"33756494742","region":"FR","created_at":"3 weeks ago"},{"id":3479,"phone_number":"33756494741","region":"FR","created_at":"3 weeks ago"},{"id":3478,"phone_number":"33756494740","region":"FR","created_at":"3 weeks ago"},{"id":3460,"phone_number":"33756494739","region":"FR","created_at":"3 weeks ago"},{"id":3459,"phone_number":"33756494738","region":"FR","created_at":"3 weeks ago"},{"id":3458,"phone_number":"33756494737","region":"FR","created_at":"3 weeks ago"},{"id":3457,"phone_number":"33756494736","region":"FR","created_at":"3 weeks ago"},{"id":3456,"phone_number":"33756494735","region":"FR","created_at":"3 weeks ago"},{"id":3433,"phone_number":"33756494734","region":"FR","created_at":"3 weeks ago"},{"id":3432,"phone_number":"33756494733","region":"FR","created_at":"3 weeks ago"},{"id":3431,"phone_number":"33756494732","region":"FR","created_at":"3 weeks ago"},{"id":3430,"phone_number":"33756494731","region":"FR","created_at":"3 weeks ago"},{"id":3429,"phone_number":"33756494730","region":"FR","created_at":"3 weeks ago"},{"id":3396,"phone_number":"33756494729","region":"FR","created_at":"4 weeks ago"},{"id":3395,"phone_number":"33756494728","region":"FR","created_at":"4 weeks ago"},{"id":3394,"phone_number":"33756494727","region":"FR","created_at":"4 weeks ago"},{"id":3393,"phone_number":"33756494726","region":"FR","created_at":"4 weeks ago"},{"id":3392,"phone_number":"33756494725","region":"FR","created_at":"4 weeks ago"},{"id":3359,"phone_number":"33756494724","region":"FR","created_at":"1 month ago"},{"id":3358,"phone_number":"33756494723","region":"FR","created_at":"1 month ago"},{"id":3357,"phone_number":"33756494722","region":"FR","created_at":"1 month ago"},{"id":3356,"phone_number":"33756494721","region":"FR","created_at":"1 month ago"},{"id":3355,"phone_number":"33756494720","region":"FR","created_at":"1 month ago"},{"id":3324,"phone_number":"33756494719","region":"FR","created_at":"1 month ago"},{"id":3323,"phone_number":"33756494718","region":"FR","created_at":"1 month ago"},{"id":3322,"phone_number":"33756494717","region":"FR","created_at":"1 month ago"},{"id":3321,"phone_number":"33756494716","region":"FR","created_at":"1 month ago"},{"id":3320,"phone_number":"33756494715","region":"FR","created_at":"1 month ago"},{"id":3319,"phone_number":"33756494714","region":"FR","created_at":"1 month ago"},{"id":3318,"phone_number":"33756494713","region":"FR","created_at":"1 month ago"},{"id":3317,"phone_number":"33756494712","region":"FR","created_at":"1 month ago"},{"id":3316,"phone_number":"33756494711","region":"FR","created_at":"1 month ago"},{"id":3315,"phone_number":"33756494710","region":"FR","created_at":"1 month ago"},{"id":3272,"phone_number":"33756494709","region":"FR","created_at":"1 month ago"},{"id":3271,"phone_number":"33756494708","region":"FR","created_at":"1 month ago"},{"id":3270,"phone_number":"33756494707","region":"FR","created_at":"1 month ago"},{"id":3269,"phone_number":"33756494706","region":"FR","created_at":"1 month ago"},{"id":3268,"phone_number":"33756494705","region":"FR","created_at":"1 month ago"},{"id":3235,"phone_number":"33756494704","region":"FR","created_at":"1 month ago"},{"id":3234,"phone_number":"33756494703","region":"FR","created_at":"1 month ago"},{"id":3233,"phone_number":"33756494702","region":"FR","created_at":"1 month ago"},{"id":3232,"phone_number":"33756494701","region":"FR","created_at":"1 month ago"},{"id":3231,"phone_number":"33756494700","region":"FR","created_at":"1 month ago"},{"id":3200,"phone_number":"33756492699","region":"FR","created_at":"1 month ago"},{"id":3199,"phone_number":"33756492698","region":"FR","created_at":"1 month ago"},{"id":3198,"phone_number":"33756492697","region":"FR","created_at":"1 month ago"},{"id":3197,"phone_number":"33756492696","region":"FR","created_at":"1 month ago"},{"id":3196,"phone_number":"33756492695","region":"FR","created_at":"1 month ago"},{"id":3195,"phone_number":"33756492694","region":"FR","created_at":"1 month ago"},{"id":3194,"phone_number":"33756492693","region":"FR","created_at":"1 month ago"},{"id":3193,"phone_number":"33756492692","region":"FR","created_at":"1 month ago"},{"id":3192,"phone_number":"33756492691","region":"FR","created_at":"1 month ago"},{"id":3191,"phone_number":"33756492690","region":"FR","created_at":"1 month ago"},{"id":3150,"phone_number":"33756492689","region":"FR","created_at":"1 month ago"},{"id":3149,"phone_number":"33756492688","region":"FR","created_at":"1 month ago"},{"id":3148,"phone_number":"33756492687","region":"FR","created_at":"1 month ago"},{"id":3147,"phone_number":"33756492686","region":"FR","created_at":"1 month ago"},{"id":3146,"phone_number":"33756492685","region":"FR","created_at":"1 month ago"},{"id":3145,"phone_number":"33756492684","region":"FR","created_at":"1 month ago"},{"id":3144,"phone_number":"33756492683","region":"FR","created_at":"1 month ago"},{"id":3143,"phone_number":"33756492682","region":"FR","created_at":"1 month ago"},{"id":3142,"phone_number":"33756492681","region":"FR","created_at":"1 month ago"},{"id":3141,"phone_number":"33756492680","region":"FR","created_at":"1 month ago"},{"id":3097,"phone_number":"33756492679","region":"FR","created_at":"1 month ago"},{"id":3096,"phone_number":"33756492678","region":"FR","created_at":"1 month ago"},{"id":3095,"phone_number":"33756492677","region":"FR","created_at":"1 month ago"},{"id":3094,"phone_number":"33756492676","region":"FR","created_at":"1 month ago"},{"id":3093,"phone_number":"33756492675","region":"FR","created_at":"1 month ago"},{"id":3092,"phone_number":"33756492674","region":"FR","created_at":"1 month ago"},{"id":3091,"phone_number":"33756492673","region":"FR","created_at":"1 month ago"},{"id":3090,"phone_number":"33756492672","region":"FR","created_at":"1 month ago"},{"id":3089,"phone_number":"33756492671","region":"FR","created_at":"1 month ago"},{"id":3088,"phone_number":"33756492670","region":"FR","created_at":"1 month ago"},{"id":3045,"phone_number":"33756492669","region":"FR","created_at":"1 month ago"},{"id":3044,"phone_number":"33756492668","region":"FR","created_at":"1 month ago"},{"id":3043,"phone_number":"33756492667","region":"FR","created_at":"1 month ago"},{"id":3042,"phone_number":"33756492666","region":"FR","created_at":"1 month ago"},{"id":3041,"phone_number":"33756492665","region":"FR","created_at":"1 month ago"},{"id":3040,"phone_number":"33756492664","region":"FR","created_at":"1 month ago"},{"id":3039,"phone_number":"33756492663","region":"FR","created_at":"1 month ago"},{"id":3038,"phone_number":"33756492662","region":"FR","created_at":"1 month ago"},{"id":3037,"phone_number":"33756492661","region":"FR","created_at":"1 month ago"},{"id":3036,"phone_number":"33756492660","region":"FR","created_at":"1 month ago"},{"id":2995,"phone_number":"33756492659","region":"FR","created_at":"1 month ago"},{"id":2994,"phone_number":"33756492658","region":"FR","created_at":"1 month ago"},{"id":2993,"phone_number":"33756492657","region":"FR","created_at":"1 month ago"},{"id":2992,"phone_number":"33756492656","region":"FR","created_at":"1 month ago"},{"id":2991,"phone_number":"33756492655","region":"FR","created_at":"1 month ago"},{"id":2990,"phone_number":"33756492654","region":"FR","created_at":"1 month ago"},{"id":2989,"phone_number":"33756492653","region":"FR","created_at":"1 month ago"},{"id":2988,"phone_number":"33756492652","region":"FR","created_at":"1 month ago"},{"id":2987,"phone_number":"33756492651","region":"FR","created_at":"1 month ago"},{"id":2986,"phone_number":"33756492650","region":"FR","created_at":"1 month ago"},{"id":2943,"phone_number":"33756492649","region":"FR","created_at":"1 month ago"},{"id":2942,"phone_number":"33756492648","region":"FR","created_at":"1 month ago"},{"id":2941,"phone_number":"33756492647","region":"FR","created_at":"1 month ago"},{"id":2940,"phone_number":"33756492646","region":"FR","created_at":"1 month ago"},{"id":2939,"phone_number":"33756492645","region":"FR","created_at":"1 month ago"},{"id":2938,"phone_number":"33756492644","region":"FR","created_at":"1 month ago"},{"id":2937,"phone_number":"33756492643","region":"FR","created_at":"1 month ago"},{"id":2936,"phone_number":"33756492642","region":"FR","created_at":"1 month ago"},{"id":2935,"phone_number":"33756492641","region":"FR","created_at":"1 month ago"},{"id":2934,"phone_number":"33756492640","region":"FR","created_at":"1 month ago"},{"id":2891,"phone_number":"33756492639","region":"FR","created_at":"1 month ago"},{"id":2890,"phone_number":"33756492638","region":"FR","created_at":"1 month ago"},{"id":2889,"phone_number":"33756492637","region":"FR","created_at":"1 month ago"},{"id":2888,"phone_number":"33756492636","region":"FR","created_at":"1 month ago"},{"id":2887,"phone_number":"33756492635","region":"FR","created_at":"1 month ago"},{"id":2886,"phone_number":"33756492634","region":"FR","created_at":"1 month ago"},{"id":2885,"phone_number":"33756492633","region":"FR","created_at":"1 month ago"},{"id":2884,"phone_number":"33756492632","region":"FR","created_at":"1 month ago"},{"id":2883,"phone_number":"33756492631","region":"FR","created_at":"1 month ago"},{"id":2882,"phone_number":"33756492630","region":"FR","created_at":"1 month ago"},{"id":2839,"phone_number":"33756492629","region":"FR","created_at":"1 month ago"},{"id":2838,"phone_number":"33756492628","region":"FR","created_at":"1 month ago"},{"id":2837,"phone_number":"33756492627","region":"FR","created_at":"1 month ago"},{"id":2836,"phone_number":"33756492626","region":"FR","created_at":"1 month ago"},{"id":2835,"phone_number":"33756492625","region":"FR","created_at":"1 month ago"},{"id":2834,"phone_number":"33756492624","region":"FR","created_at":"1 month ago"},{"id":2833,"phone_number":"33756492623","region":"FR","created_at":"1 month ago"},{"id":2832,"phone_number":"33756492622","region":"FR","created_at":"1 month ago"},{"id":2831,"phone_number":"33756492621","region":"FR","created_at":"1 month ago"},{"id":2830,"phone_number":"33756492620","region":"FR","created_at":"1 month ago"},{"id":2789,"phone_number":"33756492619","region":"FR","created_at":"1 month ago"},{"id":2788,"phone_number":"33756492618","region":"FR","created_at":"1 month ago"},{"id":2787,"phone_number":"33756492617","region":"FR","created_at":"1 month ago"},{"id":2786,"phone_number":"33756492616","region":"FR","created_at":"1 month ago"},{"id":2785,"phone_number":"33756492615","region":"FR","created_at":"1 month ago"},{"id":2784,"phone_number":"33756492614","region":"FR","created_at":"1 month ago"},{"id":2783,"phone_number":"33756492613","region":"FR","created_at":"1 month ago"},{"id":2782,"phone_number":"33756492612","region":"FR","created_at":"1 month ago"},{"id":2781,"phone_number":"33756492611","region":"FR","created_at":"1 month ago"},{"id":2780,"phone_number":"33756492610","region":"FR","created_at":"1 month ago"},{"id":2739,"phone_number":"33756492609","region":"FR","created_at":"1 month ago"},{"id":2738,"phone_number":"33756492608","region":"FR","created_at":"1 month ago"},{"id":2737,"phone_number":"33756492607","region":"FR","created_at":"1 month ago"},{"id":2736,"phone_number":"33756492606","region":"FR","created_at":"1 month ago"},{"id":2735,"phone_number":"33756492605","region":"FR","created_at":"1 month ago"},{"id":2734,"phone_number":"33756492604","region":"FR","created_at":"1 month ago"},{"id":2733,"phone_number":"33756492603","region":"FR","created_at":"1 month ago"},{"id":2732,"phone_number":"33756492602","region":"FR","created_at":"1 month ago"},{"id":2731,"phone_number":"33756492601","region":"FR","created_at":"1 month ago"},{"id":2730,"phone_number":"33756492600","region":"FR","created_at":"1 month ago"},{"id":2687,"phone_number":"33756492599","region":"FR","created_at":"1 month ago"},{"id":2686,"phone_number":"33756492598","region":"FR","created_at":"1 month ago"},{"id":2685,"phone_number":"33756492597","region":"FR","created_at":"1 month ago"},{"id":2684,"phone_number":"33756492596","region":"FR","created_at":"1 month ago"},{"id":2683,"phone_number":"33756492595","region":"FR","created_at":"1 month ago"},{"id":2682,"phone_number":"33756492594","region":"FR","created_at":"1 month ago"},{"id":2681,"phone_number":"33756492593","region":"FR","created_at":"1 month ago"},{"id":2680,"phone_number":"33756492592","region":"FR","created_at":"1 month ago"},{"id":2679,"phone_number":"33756492591","region":"FR","created_at":"1 month ago"},{"id":2678,"phone_number":"33756492590","region":"FR","created_at":"1 month ago"},{"id":2635,"phone_number":"33756492589","region":"FR","created_at":"1 month ago"},{"id":2634,"phone_number":"33756492588","region":"FR","created_at":"1 month ago"},{"id":2633,"phone_number":"33756492587","region":"FR","created_at":"1 month ago"},{"id":2632,"phone_number":"33756492586","region":"FR","created_at":"1 month ago"},{"id":2631,"phone_number":"33756492585","region":"FR","created_at":"1 month ago"},{"id":2630,"phone_number":"33756492584","region":"FR","created_at":"1 month ago"},{"id":2629,"phone_number":"33756492583","region":"FR","created_at":"1 month ago"},{"id":2628,"phone_number":"33756492582","region":"FR","created_at":"1 month ago"},{"id":2627,"phone_number":"33756492581","region":"FR","created_at":"1 month ago"},{"id":2626,"phone_number":"33756492580","region":"FR","created_at":"1 month ago"},{"id":2583,"phone_number":"33756492579","region":"FR","created_at":"1 month ago"},{"id":2582,"phone_number":"33756492577","region":"FD","created_at":"1 month ago"},{"id":2581,"phone_number":"33756492578","region":"FR","created_at":"1 month ago"},{"id":2580,"phone_number":"33756492576","region":"FR","created_at":"1 month ago"},{"id":2579,"phone_number":"33756492575","region":"FR","created_at":"1 month ago"},{"id":2578,"phone_number":"33756492574","region":"FR","created_at":"1 month ago"},{"id":2577,"phone_number":"33756492573","region":"FR","created_at":"1 month ago"},{"id":2576,"phone_number":"33756492572","region":"FR","created_at":"1 month ago"},{"id":2575,"phone_number":"33756492571","region":"FR","created_at":"1 month ago"},{"id":2574,"phone_number":"33756492570","region":"FR","created_at":"1 month ago"},{"id":2533,"phone_number":"33756492569","region":"FR","created_at":"1 month ago"},{"id":2532,"phone_number":"33756492568","region":"FR","created_at":"1 month ago"},{"id":2531,"phone_number":"33756492567","region":"FR","created_at":"1 month ago"},{"id":2530,"phone_number":"33756492566","region":"FR","created_at":"1 month ago"},{"id":2529,"phone_number":"33756492565","region":"FR","created_at":"1 month ago"},{"id":2528,"phone_number":"33756492564","region":"FR","created_at":"1 month ago"},{"id":2527,"phone_number":"33756492563","region":"FR","created_at":"1 month ago"},{"id":2526,"phone_number":"33756492562","region":"FR","created_at":"1 month ago"},{"id":2525,"phone_number":"33756492561","region":"FR","created_at":"1 month ago"},{"id":2524,"phone_number":"33756492560","region":"FR","created_at":"1 month ago"},{"id":2481,"phone_number":"33756492559","region":"FR","created_at":"2 months ago"},{"id":2480,"phone_number":"33756492558","region":"FR","created_at":"2 months ago"},{"id":2479,"phone_number":"33756492557","region":"FR","created_at":"2 months ago"},{"id":2478,"phone_number":"33756492556","region":"FR","created_at":"2 months ago"},{"id":2477,"phone_number":"33756492555","region":"FR","created_at":"2 months ago"},{"id":2476,"phone_number":"33756492554","region":"FR","created_at":"2 months ago"},{"id":2475,"phone_number":"33756492553","region":"FR","created_at":"2 months ago"},{"id":2474,"phone_number":"33756492552","region":"FR","created_at":"2 months ago"},{"id":2473,"phone_number":"33756492551","region":"FR","created_at":"2 months ago"},{"id":2472,"phone_number":"33756492550","region":"FR","created_at":"2 months ago"},{"id":2429,"phone_number":"33756492549","region":"FR","created_at":"2 months ago"},{"id":2428,"phone_number":"33756492548","region":"FR","created_at":"2 months ago"},{"id":2427,"phone_number":"33756492547","region":"FR","created_at":"2 months ago"},{"id":2426,"phone_number":"33756492546","region":"FR","created_at":"2 months ago"},{"id":2425,"phone_number":"33756492545","region":"FR","created_at":"2 months ago"},{"id":2424,"phone_number":"33756492544","region":"FR","created_at":"2 months ago"},{"id":2423,"phone_number":"33756492543","region":"FR","created_at":"2 months ago"},{"id":2422,"phone_number":"33756492542","region":"FR","created_at":"2 months ago"},{"id":2421,"phone_number":"33756492541","region":"FR","created_at":"2 months ago"},{"id":2420,"phone_number":"33756492540","region":"FR","created_at":"2 months ago"},{"id":2377,"phone_number":"33756492539","region":"FR","created_at":"2 months ago"},{"id":2376,"phone_number":"33756492538","region":"FR","created_at":"2 months ago"},{"id":2375,"phone_number":"33756492537","region":"FR","created_at":"2 months ago"},{"id":2374,"phone_number":"33756492536","region":"FR","created_at":"2 months ago"},{"id":2373,"phone_number":"33756492535","region":"FR","created_at":"2 months ago"},{"id":2372,"phone_number":"33756492534","region":"FR","created_at":"2 months ago"},{"id":2371,"phone_number":"33756492533","region":"FR","created_at":"2 months ago"},{"id":2370,"phone_number":"33756492532","region":"FR","created_at":"2 months ago"},{"id":2369,"phone_number":"33756492531","region":"FR","created_at":"2 months ago"},{"id":2368,"phone_number":"33756492530","region":"FR","created_at":"2 months ago"},{"id":2327,"phone_number":"33756492529","region":"FR","created_at":"2 months ago"},{"id":2326,"phone_number":"33756492528","region":"FR","created_at":"2 months ago"},{"id":2325,"phone_number":"33756492527","region":"FR","created_at":"2 months ago"},{"id":2324,"phone_number":"33756492526","region":"FR","created_at":"2 months ago"},{"id":2323,"phone_number":"33756492525","region":"FR","created_at":"2 months ago"},{"id":2322,"phone_number":"33756492524","region":"FR","created_at":"2 months ago"},{"id":2321,"phone_number":"33756492523","region":"FR","created_at":"2 months ago"},{"id":2320,"phone_number":"33756492522","region":"FR","created_at":"2 months ago"},{"id":2319,"phone_number":"33756492521","region":"FR","created_at":"2 months ago"},{"id":2318,"phone_number":"33756492520","region":"FR","created_at":"2 months ago"},{"id":2234,"phone_number":"33756492519","region":"FR","created_at":"2 months ago"},{"id":2233,"phone_number":"33756492518","region":"FR","created_at":"2 months ago"},{"id":2232,"phone_number":"33756492517","region":"FR","created_at":"2 months ago"},{"id":2231,"phone_number":"33756492516","region":"FR","created_at":"2 months ago"},{"id":2230,"phone_number":"33756492515","region":"FR","created_at":"2 months ago"},{"id":2229,"phone_number":"33756492514","region":"FR","created_at":"2 months ago"},{"id":2228,"phone_number":"33756492513","region":"FR","created_at":"2 months ago"},{"id":2227,"phone_number":"33756492512","region":"FR","created_at":"2 months ago"},{"id":2226,"phone_number":"33756492511","region":"FR","created_at":"2 months ago"},{"id":2225,"phone_number":"33756492510","region":"FR","created_at":"2 months ago"},{"id":2204,"phone_number":"33756492509","region":"FR","created_at":"2 months ago"},{"id":2203,"phone_number":"33756492508","region":"FR","created_at":"2 months ago"},{"id":2202,"phone_number":"33756492507","region":"FR","created_at":"2 months ago"},{"id":2201,"phone_number":"33756492506","region":"FR","created_at":"2 months ago"},{"id":2200,"phone_number":"33756492505","region":"FR","created_at":"2 months ago"},{"id":2179,"phone_number":"33756492504","region":"FR","created_at":"2 months ago"},{"id":2178,"phone_number":"33756492503","region":"FR","created_at":"2 months ago"},{"id":2177,"phone_number":"33756492502","region":"FR","created_at":"2 months ago"},{"id":2176,"phone_number":"33756492501","region":"FR","created_at":"2 months ago"},{"id":2175,"phone_number":"33756492500","region":"FR","created_at":"2 months ago"},{"id":2142,"phone_number":"33756491099","region":"FR","created_at":"2 months ago"},{"id":2141,"phone_number":"33756491098","region":"FR","created_at":"2 months ago"},{"id":2140,"phone_number":"33756491097","region":"FR","created_at":"2 months ago"},{"id":2139,"phone_number":"33756491096","region":"FR","created_at":"2 months ago"},{"id":2138,"phone_number":"33756491095","region":"FR","created_at":"2 months ago"},{"id":2137,"phone_number":"33756491094","region":"FR","created_at":"2 months ago"},{"id":2136,"phone_number":"33756491093","region":"FR","created_at":"2 months ago"},{"id":2135,"phone_number":"33756491092","region":"FR","created_at":"2 months ago"},{"id":2134,"phone_number":"33756491091","region":"FR","created_at":"2 months ago"},{"id":2133,"phone_number":"33756491090","region":"FR","created_at":"2 months ago"},{"id":2112,"phone_number":"33756491088","region":"FR","created_at":"2 months ago"},{"id":2111,"phone_number":"33756491087","region":"FR","created_at":"2 months ago"},{"id":2110,"phone_number":"33756491089","region":"FR","created_at":"2 months ago"},{"id":2109,"phone_number":"33756491086","region":"FR","created_at":"2 months ago"},{"id":2108,"phone_number":"33756491085","region":"FR","created_at":"2 months ago"},{"id":2107,"phone_number":"33756491084","region":"FR","created_at":"2 months ago"},{"id":2106,"phone_number":"33756491083","region":"FR","created_at":"2 months ago"},{"id":2105,"phone_number":"33756491082","region":"FR","created_at":"2 months ago"},{"id":2104,"phone_number":"33756491081","region":"FR","created_at":"2 months ago"},{"id":2103,"phone_number":"33756491080","region":"FR","created_at":"2 months ago"},{"id":2080,"phone_number":"33756491079","region":"FR","created_at":"2 months ago"},{"id":2079,"phone_number":"33756491078","region":"FR","created_at":"2 months ago"},{"id":2078,"phone_number":"33756491077","region":"FR","created_at":"2 months ago"},{"id":2077,"phone_number":"33756491076","region":"FR","created_at":"2 months ago"},{"id":2076,"phone_number":"33756491075","region":"FR","created_at":"2 months ago"},{"id":2075,"phone_number":"33756491074","region":"FR","created_at":"2 months ago"},{"id":2074,"phone_number":"33756491073","region":"FR","created_at":"2 months ago"},{"id":2073,"phone_number":"33756491072","region":"FR","created_at":"2 months ago"},{"id":2072,"phone_number":"33756491071","region":"FR","created_at":"2 months ago"},{"id":2071,"phone_number":"33756491070","region":"FR","created_at":"2 months ago"},{"id":2070,"phone_number":"33756491069","region":"FR","created_at":"2 months ago"},{"id":2069,"phone_number":"33756491068","region":"FR","created_at":"2 months ago"},{"id":2068,"phone_number":"33756491067","region":"FR","created_at":"2 months ago"},{"id":2067,"phone_number":"33756491066","region":"FR","created_at":"2 months ago"},{"id":2066,"phone_number":"33756491065","region":"FR","created_at":"2 months ago"},{"id":2065,"phone_number":"33756491064","region":"FR","created_at":"2 months ago"},{"id":2064,"phone_number":"33756491063","region":"FR","created_at":"2 months ago"},{"id":2063,"phone_number":"33756491062","region":"FR","created_at":"2 months ago"},{"id":2062,"phone_number":"33756491061","region":"FR","created_at":"2 months ago"},{"id":2061,"phone_number":"33756491060","region":"FR","created_at":"2 months ago"},{"id":2058,"phone_number":"33756491059","region":"FR","created_at":"2 months ago"},{"id":2057,"phone_number":"33756491058","region":"FR","created_at":"2 months ago"},{"id":2056,"phone_number":"33756491057","region":"FR","created_at":"2 months ago"},{"id":2055,"phone_number":"33756491056","region":"FR","created_at":"2 months ago"},{"id":2054,"phone_number":"33756491055","region":"FR","created_at":"2 months ago"},{"id":2053,"phone_number":"33756491054","region":"FR","created_at":"2 months ago"},{"id":2052,"phone_number":"33756491053","region":"FR","created_at":"2 months ago"},{"id":2051,"phone_number":"33756491052","region":"FR","created_at":"2 months ago"},{"id":2050,"phone_number":"33756491051","region":"FR","created_at":"2 months ago"},{"id":2049,"phone_number":"33756491050","region":"FR","created_at":"2 months ago"},{"id":2028,"phone_number":"33756491049","region":"FR","created_at":"2 months ago"},{"id":2027,"phone_number":"33756491048","region":"FR","created_at":"2 months ago"},{"id":2026,"phone_number":"33756491047","region":"FR","created_at":"2 months ago"},{"id":2025,"phone_number":"33756491046","region":"FR","created_at":"2 months ago"},{"id":2024,"phone_number":"33756491045","region":"FR","created_at":"2 months ago"},{"id":2003,"phone_number":"33756491044","region":"FR","created_at":"2 months ago"},{"id":2002,"phone_number":"33756491043","region":"FR","created_at":"2 months ago"},{"id":2001,"phone_number":"33756491042","region":"FR","created_at":"2 months ago"},{"id":2000,"phone_number":"33756491041","region":"FR","created_at":"2 months ago"},{"id":1999,"phone_number":"33756491040","region":"FR","created_at":"2 months ago"},{"id":1976,"phone_number":"33756491039","region":"FR","created_at":"2 months ago"},{"id":1975,"phone_number":"33756491038","region":"FR","created_at":"2 months ago"},{"id":1974,"phone_number":"33756491037","region":"FR","created_at":"2 months ago"},{"id":1973,"phone_number":"33756491036","region":"FR","created_at":"2 months ago"},{"id":1972,"phone_number":"33756491035","region":"FR","created_at":"2 months ago"},{"id":1951,"phone_number":"3584573989661","region":"Fi","created_at":"2 months ago"},{"id":1949,"phone_number":"33756491034","region":"FR","created_at":"2 months ago"},{"id":1948,"phone_number":"33756491033","region":"FR","created_at":"2 months ago"},{"id":1947,"phone_number":"33756491032","region":"FR","created_at":"2 months ago"},{"id":1946,"phone_number":"33756491031","region":"FR","created_at":"2 months ago"},{"id":1945,"phone_number":"33756491030","region":"FR","created_at":"2 months ago"},{"id":1924,"phone_number":"33756491029","region":"FR","created_at":"2 months ago"},{"id":1923,"phone_number":"33756491028","region":"FR","created_at":"2 months ago"},{"id":1922,"phone_number":"33756491027","region":"FR","created_at":"2 months ago"},{"id":1921,"phone_number":"33756491026","region":"FR","created_at":"2 months ago"},{"id":1920,"phone_number":"33756491025","region":"FR","created_at":"2 months ago"},{"id":1897,"phone_number":"33756491024","region":"FR","created_at":"2 months ago"},{"id":1896,"phone_number":"33756491023","region":"FR","created_at":"2 months ago"},{"id":1895,"phone_number":"33756491022","region":"FR","created_at":"2 months ago"},{"id":1894,"phone_number":"33756491021","region":"FR","created_at":"2 months ago"},{"id":1893,"phone_number":"33756491020","region":"FR","created_at":"2 months ago"},{"id":1872,"phone_number":"33756491019","region":"FR","created_at":"2 months ago"},{"id":1871,"phone_number":"33756491018","region":"FR","created_at":"2 months ago"},{"id":1870,"phone_number":"33756491017","region":"FR","created_at":"2 months ago"},{"id":1869,"phone_number":"33756491016","region":"FR","created_at":"2 months ago"},{"id":1868,"phone_number":"33756491015","region":"FR","created_at":"2 months ago"},{"id":1845,"phone_number":"33756491014","region":"FR","created_at":"3 months ago"},{"id":1844,"phone_number":"33756491013","region":"FR","created_at":"3 months ago"},{"id":1843,"phone_number":"33756491012","region":"FR","created_at":"3 months ago"},{"id":1842,"phone_number":"33756491011","region":"FR","created_at":"3 months ago"},{"id":1818,"phone_number":"33756491009","region":"FR","created_at":"3 months ago"},{"id":1817,"phone_number":"33756491008","region":"FR","created_at":"3 months ago"},{"id":1816,"phone_number":"33756491007","region":"FR","created_at":"3 months ago"},{"id":1815,"phone_number":"33756491006","region":"FR","created_at":"3 months ago"},{"id":1814,"phone_number":"33756491005","region":"FR","created_at":"3 months ago"},{"id":1791,"phone_number":"33756491004","region":"FR","created_at":"3 months ago"},{"id":1790,"phone_number":"33756491003","region":"FR","created_at":"3 months ago"},{"id":1789,"phone_number":"33756491002","region":"FR","created_at":"3 months ago"},{"id":1788,"phone_number":"33756491001","region":"FR","created_at":"3 months ago"},{"id":1787,"phone_number":"33756491000","region":"FR","created_at":"3 months ago"},{"id":1764,"phone_number":"33644629799","region":"FR","created_at":"3 months ago"},{"id":1763,"phone_number":"33644629798","region":"FR","created_at":"3 months ago"},{"id":1762,"phone_number":"33644629797","region":"FR","created_at":"3 months ago"},{"id":1761,"phone_number":"33644629796","region":"FR","created_at":"3 months ago"},{"id":1760,"phone_number":"33644629795","region":"FR","created_at":"3 months ago"},{"id":1737,"phone_number":"33644629794","region":"FR","created_at":"3 months ago"},{"id":1736,"phone_number":"33644629793","region":"FR","created_at":"3 months ago"},{"id":1735,"phone_number":"33644629792","region":"FR","created_at":"3 months ago"},{"id":1734,"phone_number":"33644629791","region":"FR","created_at":"3 months ago"},{"id":1733,"phone_number":"33644629790","region":"FR","created_at":"3 months ago"},{"id":1717,"phone_number":"33644629789","region":"FR","created_at":"3 months ago"},{"id":1716,"phone_number":"33644629788","region":"FR","created_at":"3 months ago"},{"id":1715,"phone_number":"33644629787","region":"FR","created_at":"3 months ago"},{"id":1714,"phone_number":"33644629786","region":"FR","created_at":"3 months ago"},{"id":1713,"phone_number":"33644629785","region":"FR","created_at":"3 months ago"},{"id":1691,"phone_number":"33644629784","region":"FR","created_at":"3 months ago"},{"id":1690,"phone_number":"33644629783","region":"FR","created_at":"3 months ago"},{"id":1689,"phone_number":"33644629782","region":"FR","created_at":"3 months ago"},{"id":1688,"phone_number":"33644629781","region":"FR","created_at":"3 months ago"},{"id":1687,"phone_number":"33644629780","region":"FR","created_at":"3 months ago"},{"id":1668,"phone_number":"33644629779","region":"FR","created_at":"3 months ago"},{"id":1667,"phone_number":"33644629778","region":"FR","created_at":"3 months ago"},{"id":1666,"phone_number":"33644629777","region":"FR","created_at":"3 months ago"},{"id":1665,"phone_number":"33644629776","region":"FR","created_at":"3 months ago"},{"id":1664,"phone_number":"33644629775","region":"FR","created_at":"3 months ago"},{"id":1648,"phone_number":"33644629774","region":"FR","created_at":"3 months ago"},{"id":1647,"phone_number":"33644629773","region":"FR","created_at":"3 months ago"},{"id":1646,"phone_number":"33644629772","region":"FR","created_at":"3 months ago"},{"id":1645,"phone_number":"33644629771","region":"FR","created_at":"3 months ago"},{"id":1644,"phone_number":"33644629770","region":"FR","created_at":"3 months ago"},{"id":1626,"phone_number":"33644629769","region":"FR","created_at":"3 months ago"},{"id":1625,"phone_number":"33644629768","region":"FR","created_at":"3 months ago"},{"id":1624,"phone_number":"33644629767","region":"FR","created_at":"3 months ago"},{"id":1623,"phone_number":"33644629766","region":"FR","created_at":"3 months ago"},{"id":1622,"phone_number":"33644629765","region":"FR","created_at":"3 months ago"},{"id":1606,"phone_number":"33644629764","region":"FR","created_at":"3 months ago"},{"id":1605,"phone_number":"33644629763","region":"FR","created_at":"3 months ago"},{"id":1604,"phone_number":"33644629762","region":"FR","created_at":"3 months ago"},{"id":1603,"phone_number":"33644629761","region":"FR","created_at":"3 months ago"},{"id":1602,"phone_number":"33644629760","region":"FR","created_at":"3 months ago"},{"id":1589,"phone_number":"33644629759","region":"FR","created_at":"3 months ago"},{"id":1588,"phone_number":"33644629758","region":"FR","created_at":"3 months ago"},{"id":1587,"phone_number":"33644629757","region":"FR","created_at":"3 months ago"},{"id":1586,"phone_number":"33644629756","region":"FR","created_at":"3 months ago"},{"id":1585,"phone_number":"33644629755","region":"FR","created_at":"3 months ago"},{"id":1569,"phone_number":"33644629754","region":"FR","created_at":"3 months ago"},{"id":1568,"phone_number":"33644629753","region":"FR","created_at":"3 months ago"},{"id":1567,"phone_number":"33644629752","region":"FR","created_at":"3 months ago"},{"id":1566,"phone_number":"33644629751","region":"FR","created_at":"3 months ago"},{"id":1565,"phone_number":"33644629750","region":"FR","created_at":"3 months ago"},{"id":1547,"phone_number":"33644629749","region":"FR","created_at":"3 months ago"},{"id":1546,"phone_number":"33644629748","region":"FR","created_at":"3 months ago"},{"id":1545,"phone_number":"33644629747","region":"FR","created_at":"3 months ago"},{"id":1544,"phone_number":"33644629746","region":"FR","created_at":"3 months ago"},{"id":1543,"phone_number":"33644629745","region":"FR","created_at":"3 months ago"},{"id":1525,"phone_number":"33644629744","region":"FR","created_at":"3 months ago"},{"id":1524,"phone_number":"33644629743","region":"FR","created_at":"3 months ago"},{"id":1523,"phone_number":"33644629742","region":"FR","created_at":"3 months ago"},{"id":1522,"phone_number":"33644629741","region":"FR","created_at":"3 months ago"},{"id":1521,"phone_number":"33644629740","region":"FR","created_at":"3 months ago"},{"id":1503,"phone_number":"33644629739","region":"FR","created_at":"3 months ago"},{"id":1502,"phone_number":"33644629738","region":"FR","created_at":"3 months ago"},{"id":1501,"phone_number":"33644629737","region":"FR","created_at":"3 months ago"},{"id":1500,"phone_number":"33644629736","region":"FR","created_at":"3 months ago"},{"id":1499,"phone_number":"33644629735","region":"FR","created_at":"3 months ago"},{"id":1481,"phone_number":"33644629734","region":"FR","created_at":"3 months ago"},{"id":1480,"phone_number":"33644629733","region":"FR","created_at":"3 months ago"},{"id":1479,"phone_number":"33644629732","region":"FR","created_at":"3 months ago"},{"id":1478,"phone_number":"33644629731","region":"FR","created_at":"3 months ago"},{"id":1477,"phone_number":"33644629730","region":"FR","created_at":"3 months ago"},{"id":1459,"phone_number":"33644629729","region":"FR","created_at":"4 months ago"},{"id":1458,"phone_number":"33644629728","region":"FR","created_at":"4 months ago"},{"id":1457,"phone_number":"33644629727","region":"FR","created_at":"4 months ago"},{"id":1456,"phone_number":"33644629726","region":"FR","created_at":"4 months ago"},{"id":1455,"phone_number":"33644629725","region":"FR","created_at":"4 months ago"},{"id":1437,"phone_number":"33644629724","region":"FR","created_at":"4 months ago"},{"id":1436,"phone_number":"33644629723","region":"FR","created_at":"4 months ago"},{"id":1435,"phone_number":"33644629722","region":"FR","created_at":"4 months ago"},{"id":1434,"phone_number":"33644629721","region":"FR","created_at":"4 months ago"},{"id":1433,"phone_number":"33644629720","region":"FR","created_at":"4 months ago"},{"id":1415,"phone_number":"33644629719","region":"FR","created_at":"4 months ago"},{"id":1414,"phone_number":"33644629718","region":"FR","created_at":"4 months ago"},{"id":1413,"phone_number":"33644629717","region":"FR","created_at":"4 months ago"},{"id":1412,"phone_number":"33644629716","region":"FR","created_at":"4 months ago"},{"id":1411,"phone_number":"33644629715","region":"FR","created_at":"4 months ago"},{"id":1393,"phone_number":"33644629714","region":"FR","created_at":"4 months ago"},{"id":1392,"phone_number":"33644629713","region":"FR","created_at":"4 months ago"},{"id":1391,"phone_number":"33644629712","region":"FR","created_at":"4 months ago"},{"id":1390,"phone_number":"33644629711","region":"FR","created_at":"4 months ago"},{"id":1389,"phone_number":"33644629710","region":"FR","created_at":"4 months ago"},{"id":1373,"phone_number":"33644629709","region":"FR","created_at":"4 months ago"},{"id":1372,"phone_number":"33644629708","region":"FR","created_at":"4 months ago"},{"id":1371,"phone_number":"33644629707","region":"FR","created_at":"4 months ago"},{"id":1370,"phone_number":"33644629706","region":"FR","created_at":"4 months ago"},{"id":1369,"phone_number":"33644629705","region":"FR","created_at":"4 months ago"},{"id":1358,"phone_number":"33644629704","region":"FR","created_at":"4 months ago"},{"id":1357,"phone_number":"33644629703","region":"FR","created_at":"4 months ago"},{"id":1356,"phone_number":"33644629702","region":"FR","created_at":"4 months ago"},{"id":1355,"phone_number":"33644629701","region":"FR","created_at":"4 months ago"},{"id":1354,"phone_number":"33644629700","region":"FR","created_at":"4 months ago"},{"id":1336,"phone_number":"33644628556","region":"FR","created_at":"4 months ago"},{"id":1335,"phone_number":"33644628555","region":"FR","created_at":"4 months ago"},{"id":1334,"phone_number":"33644628554","region":"FR","created_at":"4 months ago"},{"id":1333,"phone_number":"33644628553","region":"FR","created_at":"4 months ago"},{"id":1317,"phone_number":"33644628552","region":"FR","created_at":"4 months ago"},{"id":1316,"phone_number":"33644628551","region":"FR","created_at":"4 months ago"},{"id":1315,"phone_number":"33644628550","region":"FR","created_at":"4 months ago"},{"id":1314,"phone_number":"33644628549","region":"FR","created_at":"4 months ago"},{"id":1313,"phone_number":"33644628548","region":"FR","created_at":"4 months ago"},{"id":1297,"phone_number":"33644628547","region":"FR","created_at":"4 months ago"},{"id":1296,"phone_number":"33644628546","region":"FR","created_at":"4 months ago"},{"id":1295,"phone_number":"33644628545","region":"FR","created_at":"4 months ago"},{"id":1294,"phone_number":"33644628544","region":"FR","created_at":"4 months ago"},{"id":1293,"phone_number":"33644628543","region":"FR","created_at":"4 months ago"},{"id":1274,"phone_number":"33644628542","region":"FR","created_at":"4 months ago"},{"id":1273,"phone_number":"33644628541","region":"FR","created_at":"4 months ago"},{"id":1272,"phone_number":"33644628540","region":"FR","created_at":"4 months ago"},{"id":1271,"phone_number":"33644628539","region":"FR","created_at":"4 months ago"},{"id":1270,"phone_number":"33644628538","region":"FR","created_at":"4 months ago"},{"id":1254,"phone_number":"33644628537","region":"FR","created_at":"4 months ago"},{"id":1253,"phone_number":"33644628536","region":"FR","created_at":"4 months ago"},{"id":1252,"phone_number":"33644628535","region":"FR","created_at":"4 months ago"},{"id":1251,"phone_number":"33644628534","region":"FR","created_at":"4 months ago"},{"id":1250,"phone_number":"33644628533","region":"FR","created_at":"4 months ago"},{"id":1232,"phone_number":"33644628532","region":"FR","created_at":"4 months ago"},{"id":1231,"phone_number":"33644628531","region":"FR","created_at":"4 months ago"},{"id":1230,"phone_number":"33644628530","region":"FR","created_at":"4 months ago"},{"id":1229,"phone_number":"33644628529","region":"FR","created_at":"4 months ago"},{"id":1228,"phone_number":"33644628528","region":"FR","created_at":"4 months ago"},{"id":1221,"phone_number":"33644628527","region":"FR","created_at":"4 months ago"},{"id":1220,"phone_number":"33644628526","region":"FR","created_at":"4 months ago"},{"id":1219,"phone_number":"33644628525","region":"FR","created_at":"4 months ago"},{"id":1206,"phone_number":"33644628524","region":"FR","created_at":"5 months ago"},{"id":1205,"phone_number":"33644628523","region":"FR","created_at":"5 months ago"},{"id":1204,"phone_number":"33644628522","region":"FR","created_at":"5 months ago"},{"id":1192,"phone_number":"33644628521","region":"FR","created_at":"5 months ago"},{"id":1191,"phone_number":"33644628520","region":"FR","created_at":"5 months ago"},{"id":1190,"phone_number":"33644628519","region":"FR","created_at":"5 months ago"},{"id":1178,"phone_number":"33644628518","region":"FR","created_at":"5 months ago"},{"id":1177,"phone_number":"33644628517","region":"FR","created_at":"5 months ago"},{"id":1176,"phone_number":"33644628516","region":"FR","created_at":"5 months ago"},{"id":1164,"phone_number":"33644628515","region":"FR","created_at":"5 months ago"},{"id":1163,"phone_number":"33644628514","region":"FR","created_at":"5 months ago"},{"id":1162,"phone_number":"33644628513","region":"FR","created_at":"5 months ago"},{"id":1150,"phone_number":"33644628512","region":"FR","created_at":"5 months ago"},{"id":1149,"phone_number":"33644628511","region":"FR","created_at":"5 months ago"},{"id":1148,"phone_number":"33644628510","region":"FR","created_at":"5 months ago"},{"id":1138,"phone_number":"33644628509","region":"FR","created_at":"5 months ago"},{"id":1137,"phone_number":"33644628508","region":"FR","created_at":"5 months ago"},{"id":1136,"phone_number":"33644628507","region":"FR","created_at":"5 months ago"},{"id":1129,"phone_number":"33644627891","region":"FR","created_at":"5 months ago"},{"id":1128,"phone_number":"33644627890","region":"FR","created_at":"5 months ago"},{"id":1127,"phone_number":"33644627889","region":"FR","created_at":"5 months ago"},{"id":1126,"phone_number":"33644627888","region":"FR","created_at":"5 months ago"},{"id":1119,"phone_number":"33644627887","region":"FR","created_at":"5 months ago"},{"id":1118,"phone_number":"33644627886","region":"FR","created_at":"5 months ago"},{"id":1117,"phone_number":"33644627885","region":"FR","created_at":"5 months ago"},{"id":1116,"phone_number":"33644627884","region":"FR","created_at":"5 months ago"},{"id":1105,"phone_number":"33644627883","region":"FR","created_at":"5 months ago"},{"id":1104,"phone_number":"33644627882","region":"FR","created_at":"5 months ago"},{"id":1103,"phone_number":"33644627881","region":"FR","created_at":"5 months ago"},{"id":1102,"phone_number":"33644627880","region":"FR","created_at":"5 months ago"},{"id":1093,"phone_number":"33644627879","region":"FR","created_at":"5 months ago"},{"id":1092,"phone_number":"33644627878","region":"FR","created_at":"5 months ago"},{"id":1091,"phone_number":"33644627877","region":"FR","created_at":"5 months ago"},{"id":1090,"phone_number":"33644627876","region":"FR","created_at":"5 months ago"},{"id":1079,"phone_number":"33644627875","region":"FR","created_at":"6 months ago"},{"id":1078,"phone_number":"33644627874","region":"FR","created_at":"6 months ago"},{"id":1077,"phone_number":"33644627873","region":"FR","created_at":"6 months ago"},{"id":1076,"phone_number":"33644627872","region":"FR","created_at":"6 months ago"},{"id":1065,"phone_number":"33644627871","region":"FR","created_at":"6 months ago"},{"id":1064,"phone_number":"33644627870","region":"FR","created_at":"6 months ago"},{"id":1063,"phone_number":"33644627869","region":"FR","created_at":"6 months ago"},{"id":1062,"phone_number":"33644627868","region":"FR","created_at":"6 months ago"},{"id":1055,"phone_number":"33644627867","region":"FR","created_at":"6 months ago"},{"id":1054,"phone_number":"33644627866","region":"FR","created_at":"6 months ago"},{"id":1053,"phone_number":"33644627865","region":"FR","created_at":"6 months ago"},{"id":1052,"phone_number":"33644627864","region":"FR","created_at":"6 months ago"},{"id":1045,"phone_number":"33644627863","region":"FR","created_at":"6 months ago"},{"id":1044,"phone_number":"33644627862","region":"FR","created_at":"6 months ago"},{"id":1043,"phone_number":"33644627861","region":"FR","created_at":"6 months ago"},{"id":1042,"phone_number":"33644627860","region":"FR","created_at":"6 months ago"},{"id":1035,"phone_number":"33644627859","region":"FR","created_at":"6 months ago"},{"id":1034,"phone_number":"33644627858","region":"FR","created_at":"6 months ago"},{"id":1033,"phone_number":"33644627857","region":"FR","created_at":"6 months ago"},{"id":1032,"phone_number":"33644627856","region":"FR","created_at":"6 months ago"},{"id":1025,"phone_number":"33644627855","region":"FR","created_at":"6 months ago"},{"id":1024,"phone_number":"33644627854","region":"FR","created_at":"6 months ago"},{"id":1023,"phone_number":"33644627853","region":"FR","created_at":"6 months ago"},{"id":1022,"phone_number":"33644627852","region":"FR","created_at":"6 months ago"},{"id":1011,"phone_number":"33644626939","region":"FR","created_at":"6 months ago"},{"id":1010,"phone_number":"33644626938","region":"FR","created_at":"6 months ago"},{"id":998,"phone_number":"33644626937","region":"FR","created_at":"7 months ago"},{"id":997,"phone_number":"33644626936","region":"FR","created_at":"7 months ago"},{"id":996,"phone_number":"33644626935","region":"FR","created_at":"7 months ago"},{"id":984,"phone_number":"33644626934","region":"FR","created_at":"7 months ago"},{"id":983,"phone_number":"33644626933","region":"FR","created_at":"7 months ago"},{"id":982,"phone_number":"33644626932","region":"FR","created_at":"7 months ago"},{"id":970,"phone_number":"33644626931","region":"FR","created_at":"7 months ago"},{"id":969,"phone_number":"33644626930","region":"FR","created_at":"7 months ago"},{"id":968,"phone_number":"33644626929","region":"FR","created_at":"7 months ago"},{"id":956,"phone_number":"33644626928","region":"FR","created_at":"7 months ago"},{"id":955,"phone_number":"33644626927","region":"FR","created_at":"7 months ago"},{"id":954,"phone_number":"33644626926","region":"FR","created_at":"7 months ago"},{"id":942,"phone_number":"33644626925","region":"FR","created_at":"7 months ago"},{"id":941,"phone_number":"33644626924","region":"FR","created_at":"7 months ago"},{"id":940,"phone_number":"33644626923","region":"FR","created_at":"7 months ago"},{"id":925,"phone_number":"33644626922","region":"FR","created_at":"7 months ago"},{"id":924,"phone_number":"33644626921","region":"FR","created_at":"7 months ago"},{"id":923,"phone_number":"33644626920","region":"FR","created_at":"7 months ago"},{"id":907,"phone_number":"33757137059","region":"FR","created_at":"7 months ago"},{"id":905,"phone_number":"33757137058","region":"FR","created_at":"7 months ago"},{"id":893,"phone_number":"33757137057","region":"FR","created_at":"7 months ago"},{"id":892,"phone_number":"33757137056","region":"FR","created_at":"7 months ago"},{"id":885,"phone_number":"33757134399","region":"FR","created_at":"8 months ago"},{"id":884,"phone_number":"33757134398","region":"FR","created_at":"8 months ago"},{"id":883,"phone_number":"33757134397","region":"FR","created_at":"8 months ago"},{"id":882,"phone_number":"33757134396","region":"FR","created_at":"8 months ago"},{"id":875,"phone_number":"33757137055","region":"FR","created_at":"8 months ago"},{"id":874,"phone_number":"33757137054","region":"FR","created_at":"8 months ago"},{"id":871,"phone_number":"33757134395","region":"FR","created_at":"8 months ago"},{"id":870,"phone_number":"33757134394","region":"FR","created_at":"8 months ago"},{"id":869,"phone_number":"33757134393","region":"FR","created_at":"8 months ago"},{"id":868,"phone_number":"33757134392","region":"FR","created_at":"8 months ago"},{"id":867,"phone_number":"33757134391","region":"FR","created_at":"8 months ago"},{"id":864,"phone_number":"33757134390","region":"FR","created_at":"8 months ago"},{"id":863,"phone_number":"33757134389","region":"FR","created_at":"8 months ago"},{"id":862,"phone_number":"33757134388","region":"FR","created_at":"8 months ago"},{"id":861,"phone_number":"33757134387","region":"FR","created_at":"8 months ago"},{"id":860,"phone_number":"33757134386","region":"FR","created_at":"8 months ago"},{"id":859,"phone_number":"33757134385","region":"FR","created_at":"8 months ago"},{"id":858,"phone_number":"33757134384","region":"FR","created_at":"8 months ago"},{"id":857,"phone_number":"33757134383","region":"FR","created_at":"8 months ago"},{"id":856,"phone_number":"33757134382","region":"FR","created_at":"8 months ago"},{"id":855,"phone_number":"33757134381","region":"FR","created_at":"8 months ago"},{"id":852,"phone_number":"33757134380","region":"FR","created_at":"8 months ago"},{"id":851,"phone_number":"33757134379","region":"FR","created_at":"8 months ago"},{"id":850,"phone_number":"33757134378","region":"FR","created_at":"8 months ago"},{"id":849,"phone_number":"33757134377","region":"FR","created_at":"8 months ago"},{"id":842,"phone_number":"33757137053","region":"FR","created_at":"8 months ago"},{"id":841,"phone_number":"33757137052","region":"FR","created_at":"8 months ago"},{"id":834,"phone_number":"33757137051","region":"FR","created_at":"8 months ago"},{"id":833,"phone_number":"33757137050","region":"FR","created_at":"8 months ago"},{"id":830,"phone_number":"33757134376","region":"FR","created_at":"8 months ago"},{"id":829,"phone_number":"33757134375","region":"FR","created_at":"8 months ago"},{"id":828,"phone_number":"33757134374","region":"FR","created_at":"8 months ago"},{"id":827,"phone_number":"33757134373","region":"FR","created_at":"8 months ago"},{"id":826,"phone_number":"33757134372","region":"FR","created_at":"8 months ago"},{"id":825,"phone_number":"33757134371","region":"FR","created_at":"8 months ago"},{"id":824,"phone_number":"33757134370","region":"FR","created_at":"8 months ago"},{"id":823,"phone_number":"33757134369","region":"FR","created_at":"8 months ago"},{"id":820,"phone_number":"33757134368","region":"FR","created_at":"8 months ago"},{"id":819,"phone_number":"33757134367","region":"FR","created_at":"8 months ago"},{"id":818,"phone_number":"33757134366","region":"FR","created_at":"8 months ago"},{"id":817,"phone_number":"33757134365","region":"FR","created_at":"8 months ago"},{"id":816,"phone_number":"33757134364","region":"FR","created_at":"8 months ago"},{"id":815,"phone_number":"33757134363","region":"FR","created_at":"8 months ago"},{"id":814,"phone_number":"33757134362","region":"FR","created_at":"8 months ago"},{"id":813,"phone_number":"33757134361","region":"FR","created_at":"8 months ago"},{"id":810,"phone_number":"33757134360","region":"FR","created_at":"8 months ago"},{"id":809,"phone_number":"33757134359","region":"FR","created_at":"8 months ago"},{"id":808,"phone_number":"33757134358","region":"FR","created_at":"8 months ago"},{"id":807,"phone_number":"33757134357","region":"FR","created_at":"8 months ago"},{"id":804,"phone_number":"33757134356","region":"FR","created_at":"9 months ago"},{"id":803,"phone_number":"33757134355","region":"FR","created_at":"9 months ago"},{"id":802,"phone_number":"33757134354","region":"FR","created_at":"9 months ago"},{"id":801,"phone_number":"33757134353","region":"FR","created_at":"9 months ago"},{"id":800,"phone_number":"33757134352","region":"FR","created_at":"9 months ago"},{"id":799,"phone_number":"33757134351","region":"FR","created_at":"9 months ago"},{"id":798,"phone_number":"33757134350","region":"FR","created_at":"9 months ago"},{"id":795,"phone_number":"33644626229","region":"FR","created_at":"9 months ago"},{"id":794,"phone_number":"33644626228","region":"FR","created_at":"9 months ago"},{"id":787,"phone_number":"33644626227","region":"Fr","created_at":"9 months ago"},{"id":786,"phone_number":"33644626226","region":"Fr","created_at":"9 months ago"},{"id":785,"phone_number":"33644626225","region":"Fr","created_at":"9 months ago"},{"id":778,"phone_number":"33644626224","region":"FR","created_at":"9 months ago"},{"id":777,"phone_number":"33644626223","region":"Fr","created_at":"9 months ago"},{"id":776,"phone_number":"33644626222","region":"Fr","created_at":"9 months ago"},{"id":769,"phone_number":"33644626221","region":"FR","created_at":"9 months ago"},{"id":768,"phone_number":"33644626220","region":"FR","created_at":"9 months ago"},{"id":728,"phone_number":"33644621314","region":"FR","created_at":"11 months ago"},{"id":723,"phone_number":"33644621313","region":"FR","created_at":"11 months ago"},{"id":722,"phone_number":"33644621312","region":"FR","created_at":"11 months ago"},{"id":717,"phone_number":"33644621311","region":"FR","created_at":"11 months ago"},{"id":716,"phone_number":"33644621310","region":"FR","created_at":"11 months ago"},{"id":650,"phone_number":"33757137364","region":"FR","created_at":"1 year ago"},{"id":649,"phone_number":"33757137362","region":"FR","created_at":"1 year ago"},{"id":644,"phone_number":"33757137361","region":"FR","created_at":"1 year ago"},{"id":643,"phone_number":"33757137360","region":"FR","created_at":"1 year ago"},{"id":623,"phone_number":"33757137499","region":"FR","created_at":"1 year ago"},{"id":618,"phone_number":"33757137498","region":"FR","created_at":"1 year ago"},{"id":617,"phone_number":"33757137497","region":"FR","created_at":"1 year ago"},{"id":612,"phone_number":"33757137496","region":"FR","created_at":"1 year ago"},{"id":611,"phone_number":"33757137495","region":"FR","created_at":"1 year ago"},{"id":596,"phone_number":"33757137444","region":"FR","created_at":"1 year ago"},{"id":586,"phone_number":"33757137443","region":"FR","created_at":"1 year ago"},{"id":585,"phone_number":"33757137442","region":"FR","created_at":"1 year ago"},{"id":579,"phone_number":"33757137441","region":"FR","created_at":"1 year ago"},{"id":578,"phone_number":"33757137440","region":"FR","created_at":"1 year ago"},{"id":555,"phone_number":"33757132169","region":"FR","created_at":"1 year ago"},{"id":550,"phone_number":"33757132168","region":"FR","created_at":"1 year ago"},{"id":549,"phone_number":"33757132167","region":"FR","created_at":"1 year ago"},{"id":546,"phone_number":"33757132166","region":"FR","created_at":"1 year ago"},{"id":542,"phone_number":"33757132165","region":"FR","created_at":"1 year ago"},{"id":503,"phone_number":"33757130359","region":"FR","created_at":"1 year ago"},{"id":498,"phone_number":"33757130358","region":"FR","created_at":"1 year ago"},{"id":497,"phone_number":"33757130357","region":"FR","created_at":"1 year ago"},{"id":492,"phone_number":"33757130356","region":"FR","created_at":"1 year ago"},{"id":491,"phone_number":"33757130355","region":"FR","created_at":"1 year ago"},{"id":461,"phone_number":"33757131573","region":"FR","created_at":"1 year ago"},{"id":460,"phone_number":"33757131572","region":"FR","created_at":"1 year ago"},{"id":457,"phone_number":"33757131571","region":"FR","created_at":"1 year ago"},{"id":456,"phone_number":"33757131570","region":"FR","created_at":"1 year ago"},{"id":422,"phone_number":"33757130934","region":"France","created_at":"1 year ago"},{"id":419,"phone_number":"33757130933","region":"FR","created_at":"1 year ago"},{"id":418,"phone_number":"33757130932","region":"FR","created_at":"1 year ago"},{"id":415,"phone_number":"33757130931","region":"FRANCE","created_at":"1 year ago"},{"id":414,"phone_number":"33757130930","region":"France","created_at":"1 year ago"},{"id":397,"phone_number":"33757130914","region":"FR","created_at":"1 year ago"},{"id":396,"phone_number":"33757130913","region":"FR","created_at":"1 year ago"},{"id":395,"phone_number":"33757130912","region":"FR","created_at":"1 year ago"},{"id":392,"phone_number":"33757130911","region":"FR","created_at":"1 year ago"},{"id":391,"phone_number":"33757130910","region":"FR","created_at":"1 year ago"},{"id":362,"phone_number":"33757130717","region":"FR","created_at":"2 years ago"},{"id":361,"phone_number":"33757130716","region":"FR","created_at":"2 years ago"},{"id":360,"phone_number":"33757130715","region":"FR","created_at":"2 years ago"},{"id":357,"phone_number":"33757130714","region":"FR","created_at":"2 years ago"},{"id":356,"phone_number":"33757130713","region":"FR","created_at":"2 years ago"}]}