{"netherland":[{"id":3616,"phone_number":"3197010526639","region":"NL","created_at":"1 day ago"},{"id":3615,"phone_number":"3197010526638","region":"NL","created_at":"1 day ago"},{"id":3602,"phone_number":"3197010526637","region":"NL","created_at":"2 days ago"},{"id":3601,"phone_number":"3197010526636","region":"NL","created_at":"2 days ago"},{"id":3600,"phone_number":"3197010526635","region":"NL","created_at":"2 days ago"},{"id":3585,"phone_number":"3197010526634","region":"NL","created_at":"4 days ago"},{"id":3584,"phone_number":"3197010526633","region":"NL","created_at":"4 days ago"},{"id":3583,"phone_number":"3197010526632","region":"NL","created_at":"4 days ago"},{"id":3568,"phone_number":"3197010526631","region":"NL","created_at":"1 week ago"},{"id":3567,"phone_number":"3197010526630","region":"NL","created_at":"1 week ago"},{"id":3566,"phone_number":"3197010526629","region":"NL","created_at":"1 week ago"},{"id":3553,"phone_number":"3197010526628","region":"NL","created_at":"1 week ago"},{"id":3552,"phone_number":"3197010526627","region":"NL","created_at":"1 week ago"},{"id":3551,"phone_number":"3197010526626","region":"NL","created_at":"1 week ago"},{"id":3538,"phone_number":"3197010526625","region":"NL","created_at":"1 week ago"},{"id":3537,"phone_number":"3197010526624","region":"NL","created_at":"1 week ago"},{"id":3536,"phone_number":"3197010526623","region":"NL","created_at":"1 week ago"},{"id":3521,"phone_number":"3197010526622","region":"NL","created_at":"1 week ago"},{"id":3520,"phone_number":"3197010526621","region":"NL","created_at":"1 week ago"},{"id":3519,"phone_number":"3197010526620","region":"NL","created_at":"1 week ago"},{"id":3489,"phone_number":"3197010521699","region":"NL","created_at":"3 weeks ago"},{"id":3488,"phone_number":"3197010521698","region":"NL","created_at":"3 weeks ago"},{"id":3487,"phone_number":"3197010521697","region":"NL","created_at":"3 weeks ago"},{"id":3486,"phone_number":"3197010521696","region":"NL","created_at":"3 weeks ago"},{"id":3485,"phone_number":"3197010521695","region":"NL","created_at":"3 weeks ago"},{"id":3467,"phone_number":"3197010521694","region":"NL","created_at":"3 weeks ago"},{"id":3466,"phone_number":"3197010521693","region":"NL","created_at":"3 weeks ago"},{"id":3465,"phone_number":"3197010521692","region":"NL","created_at":"3 weeks ago"},{"id":3464,"phone_number":"3197010521691","region":"NL","created_at":"3 weeks ago"},{"id":3463,"phone_number":"3197010521690","region":"NL","created_at":"3 weeks ago"},{"id":3445,"phone_number":"3197010521689","region":"NL","created_at":"3 weeks ago"},{"id":3444,"phone_number":"3197010521688","region":"NL","created_at":"3 weeks ago"},{"id":3443,"phone_number":"3197010521687","region":"NL","created_at":"3 weeks ago"},{"id":3442,"phone_number":"3197010521686","region":"NL","created_at":"3 weeks ago"},{"id":3441,"phone_number":"3197010521685","region":"NL","created_at":"3 weeks ago"},{"id":3440,"phone_number":"3197010521684","region":"NL","created_at":"3 weeks ago"},{"id":3439,"phone_number":"3197010521683","region":"NL","created_at":"3 weeks ago"},{"id":3438,"phone_number":"3197010521682","region":"NL","created_at":"3 weeks ago"},{"id":3437,"phone_number":"3197010521681","region":"NL","created_at":"3 weeks ago"},{"id":3436,"phone_number":"3197010521680","region":"NL","created_at":"3 weeks ago"},{"id":3408,"phone_number":"3197010521679","region":"NL","created_at":"3 weeks ago"},{"id":3407,"phone_number":"3197010521678","region":"NL","created_at":"3 weeks ago"},{"id":3406,"phone_number":"3197010521677","region":"NL","created_at":"3 weeks ago"},{"id":3405,"phone_number":"3197010521676","region":"NL","created_at":"3 weeks ago"},{"id":3404,"phone_number":"3197010521675","region":"NL","created_at":"3 weeks ago"},{"id":3403,"phone_number":"3197010521674","region":"NL","created_at":"3 weeks ago"},{"id":3402,"phone_number":"3197010521673","region":"NL","created_at":"3 weeks ago"},{"id":3401,"phone_number":"3197010521672","region":"NL","created_at":"3 weeks ago"},{"id":3400,"phone_number":"3197010521671","region":"NL","created_at":"3 weeks ago"},{"id":3399,"phone_number":"3197010521670","region":"NL","created_at":"3 weeks ago"},{"id":3371,"phone_number":"3197010521669","region":"NL","created_at":"4 weeks ago"},{"id":3370,"phone_number":"3197010521668","region":"NL","created_at":"4 weeks ago"},{"id":3369,"phone_number":"3197010521667","region":"NL","created_at":"4 weeks ago"},{"id":3368,"phone_number":"3197010521666","region":"NL","created_at":"4 weeks ago"},{"id":3367,"phone_number":"3197010521665","region":"NL","created_at":"4 weeks ago"},{"id":3366,"phone_number":"3197010521664","region":"NL","created_at":"4 weeks ago"},{"id":3365,"phone_number":"3197010521663","region":"NL","created_at":"4 weeks ago"},{"id":3364,"phone_number":"3197010521662","region":"NL","created_at":"4 weeks ago"},{"id":3363,"phone_number":"3197010521661","region":"NL","created_at":"4 weeks ago"},{"id":3362,"phone_number":"3197010521660","region":"NL","created_at":"4 weeks ago"},{"id":3334,"phone_number":"3197010521659","region":"NL","created_at":"1 month ago"},{"id":3333,"phone_number":"3197010521658","region":"NL","created_at":"1 month ago"},{"id":3332,"phone_number":"3197010521657","region":"NL","created_at":"1 month ago"},{"id":3331,"phone_number":"3197010521656","region":"NL","created_at":"1 month ago"},{"id":3330,"phone_number":"3197010521655","region":"NL","created_at":"1 month ago"},{"id":3329,"phone_number":"3197010521654","region":"NL","created_at":"1 month ago"},{"id":3328,"phone_number":"3197010521653","region":"NL","created_at":"1 month ago"},{"id":3327,"phone_number":"3197010521652","region":"NL","created_at":"1 month ago"},{"id":3326,"phone_number":"3197010521651","region":"NL","created_at":"1 month ago"},{"id":3325,"phone_number":"3197010521650","region":"NL","created_at":"1 month ago"},{"id":3284,"phone_number":"3197010521649","region":"NL","created_at":"1 month ago"},{"id":3283,"phone_number":"3197010521648","region":"NL","created_at":"1 month ago"},{"id":3282,"phone_number":"3197010521647","region":"NL","created_at":"1 month ago"},{"id":3281,"phone_number":"3197010521646","region":"NL","created_at":"1 month ago"},{"id":3280,"phone_number":"3197010521645","region":"NL","created_at":"1 month ago"},{"id":3279,"phone_number":"3197010521644","region":"NL","created_at":"1 month ago"},{"id":3278,"phone_number":"3197010521643","region":"NL","created_at":"1 month ago"},{"id":3277,"phone_number":"3197010521642","region":"NL","created_at":"1 month ago"},{"id":3276,"phone_number":"3197010521641","region":"NL","created_at":"1 month ago"},{"id":3275,"phone_number":"3197010521640","region":"NL","created_at":"1 month ago"},{"id":3247,"phone_number":"3197010521639","region":"NL","created_at":"1 month ago"},{"id":3246,"phone_number":"3197010521638","region":"NL","created_at":"1 month ago"},{"id":3245,"phone_number":"3197010521637","region":"NL","created_at":"1 month ago"},{"id":3244,"phone_number":"3197010521636","region":"NL","created_at":"1 month ago"},{"id":3243,"phone_number":"3197010521635","region":"NL","created_at":"1 month ago"},{"id":3242,"phone_number":"3197010521634","region":"NL","created_at":"1 month ago"},{"id":3241,"phone_number":"3197010521633","region":"NL","created_at":"1 month ago"},{"id":3240,"phone_number":"3197010521632","region":"NL","created_at":"1 month ago"},{"id":3239,"phone_number":"3197010521631","region":"NL","created_at":"1 month ago"},{"id":3238,"phone_number":"3197010521630","region":"NL","created_at":"1 month ago"},{"id":3210,"phone_number":"3197010521629","region":"NL","created_at":"1 month ago"},{"id":3209,"phone_number":"3197010521628","region":"NL","created_at":"1 month ago"},{"id":3208,"phone_number":"3197010521627","region":"NL","created_at":"1 month ago"},{"id":3207,"phone_number":"3197010521626","region":"NL","created_at":"1 month ago"},{"id":3206,"phone_number":"3197010521625","region":"NL","created_at":"1 month ago"},{"id":3205,"phone_number":"3197010521624","region":"NL","created_at":"1 month ago"},{"id":3204,"phone_number":"3197010521623","region":"NL","created_at":"1 month ago"},{"id":3203,"phone_number":"3197010521622","region":"NL","created_at":"1 month ago"},{"id":3202,"phone_number":"3197010521621","region":"NL","created_at":"1 month ago"},{"id":3201,"phone_number":"3197010521620","region":"NL","created_at":"1 month ago"},{"id":3160,"phone_number":"3197010524599","region":"NL","created_at":"1 month ago"},{"id":3159,"phone_number":"3197010524598","region":"NL","created_at":"1 month ago"},{"id":3158,"phone_number":"3197010524597","region":"NL","created_at":"1 month ago"},{"id":3157,"phone_number":"3197010524596","region":"NL","created_at":"1 month ago"},{"id":3156,"phone_number":"3197010524595","region":"NL","created_at":"1 month ago"},{"id":3155,"phone_number":"3197010524594","region":"NL","created_at":"1 month ago"},{"id":3154,"phone_number":"3197010524593","region":"NL","created_at":"1 month ago"},{"id":3153,"phone_number":"3197010524592","region":"NL","created_at":"1 month ago"},{"id":3152,"phone_number":"3197010524591","region":"NL","created_at":"1 month ago"},{"id":3151,"phone_number":"3197010524590","region":"NL","created_at":"1 month ago"},{"id":3110,"phone_number":"3197010524589","region":"NL","created_at":"1 month ago"},{"id":3109,"phone_number":"3197010524588","region":"NL","created_at":"1 month ago"},{"id":3108,"phone_number":"3197010524587","region":"NL","created_at":"1 month ago"},{"id":3107,"phone_number":"3197010524586","region":"NL","created_at":"1 month ago"},{"id":3106,"phone_number":"3197010524585","region":"NL","created_at":"1 month ago"},{"id":3105,"phone_number":"3197010524584","region":"NL","created_at":"1 month ago"},{"id":3104,"phone_number":"3197010524583","region":"NL","created_at":"1 month ago"},{"id":3102,"phone_number":"3197010524582","region":"NL","created_at":"1 month ago"},{"id":3101,"phone_number":"3197010524581","region":"NL","created_at":"1 month ago"},{"id":3100,"phone_number":"3197010524580","region":"NL","created_at":"1 month ago"},{"id":3057,"phone_number":"3197010524579","region":"NL","created_at":"1 month ago"},{"id":3056,"phone_number":"3197010524578","region":"NL","created_at":"1 month ago"},{"id":3055,"phone_number":"3197010524577","region":"NL","created_at":"1 month ago"},{"id":3054,"phone_number":"3197010524576","region":"NL","created_at":"1 month ago"},{"id":3053,"phone_number":"3197010524575","region":"NL","created_at":"1 month ago"},{"id":3052,"phone_number":"3197010524574","region":"NL","created_at":"1 month ago"},{"id":3051,"phone_number":"3197010524573","region":"NL","created_at":"1 month ago"},{"id":3050,"phone_number":"3197010524572","region":"NL","created_at":"1 month ago"},{"id":3049,"phone_number":"3197010524571","region":"NL","created_at":"1 month ago"},{"id":3048,"phone_number":"3197010524570","region":"NL","created_at":"1 month ago"},{"id":3005,"phone_number":"3197010524569","region":"NL","created_at":"1 month ago"},{"id":3004,"phone_number":"3197010524568","region":"NL","created_at":"1 month ago"},{"id":3003,"phone_number":"3197010524567","region":"NL","created_at":"1 month ago"},{"id":3002,"phone_number":"3197010524566","region":"NL","created_at":"1 month ago"},{"id":3001,"phone_number":"3197010524565","region":"NL","created_at":"1 month ago"},{"id":3000,"phone_number":"3197010524564","region":"NL","created_at":"1 month ago"},{"id":2999,"phone_number":"3197010524563","region":"NL","created_at":"1 month ago"},{"id":2998,"phone_number":"3197010524562","region":"NL","created_at":"1 month ago"},{"id":2997,"phone_number":"3197010524561","region":"NL","created_at":"1 month ago"},{"id":2996,"phone_number":"3197010524560","region":"NL","created_at":"1 month ago"},{"id":2955,"phone_number":"3197010524559","region":"NL","created_at":"1 month ago"},{"id":2954,"phone_number":"3197010524558","region":"NL","created_at":"1 month ago"},{"id":2953,"phone_number":"3197010524557","region":"NL","created_at":"1 month ago"},{"id":2952,"phone_number":"3197010524556","region":"NL","created_at":"1 month ago"},{"id":2951,"phone_number":"3197010524555","region":"NL","created_at":"1 month ago"},{"id":2950,"phone_number":"3197010524554","region":"NL","created_at":"1 month ago"},{"id":2949,"phone_number":"3197010524553","region":"NL","created_at":"1 month ago"},{"id":2948,"phone_number":"3197010524552","region":"NL","created_at":"1 month ago"},{"id":2947,"phone_number":"3197010524551","region":"NL","created_at":"1 month ago"},{"id":2946,"phone_number":"3197010524550","region":"NL","created_at":"1 month ago"},{"id":2903,"phone_number":"3197010524549","region":"NL","created_at":"1 month ago"},{"id":2902,"phone_number":"3197010524548","region":"NL","created_at":"1 month ago"},{"id":2901,"phone_number":"3197010524547","region":"NL","created_at":"1 month ago"},{"id":2900,"phone_number":"3197010524546","region":"NL","created_at":"1 month ago"},{"id":2899,"phone_number":"3197010524545","region":"NL","created_at":"1 month ago"},{"id":2898,"phone_number":"3197010524544","region":"NL","created_at":"1 month ago"},{"id":2897,"phone_number":"3197010524543","region":"NL","created_at":"1 month ago"},{"id":2896,"phone_number":"3197010524542","region":"NL","created_at":"1 month ago"},{"id":2895,"phone_number":"3197010524541","region":"NL","created_at":"1 month ago"},{"id":2894,"phone_number":"3197010524540","region":"NL","created_at":"1 month ago"},{"id":2851,"phone_number":"3197010524539","region":"NL","created_at":"1 month ago"},{"id":2850,"phone_number":"3197010524538","region":"NL","created_at":"1 month ago"},{"id":2849,"phone_number":"3197010524537","region":"NL","created_at":"1 month ago"},{"id":2848,"phone_number":"3197010524536","region":"NL","created_at":"1 month ago"},{"id":2847,"phone_number":"3197010524535","region":"NL","created_at":"1 month ago"},{"id":2846,"phone_number":"3197010524534","region":"NL","created_at":"1 month ago"},{"id":2845,"phone_number":"3197010524533","region":"NL","created_at":"1 month ago"},{"id":2844,"phone_number":"3197010524532","region":"NL","created_at":"1 month ago"},{"id":2843,"phone_number":"3197010524531","region":"NL","created_at":"1 month ago"},{"id":2842,"phone_number":"3197010524530","region":"NL","created_at":"1 month ago"},{"id":2799,"phone_number":"3197010524529","region":"NL","created_at":"1 month ago"},{"id":2798,"phone_number":"3197010524528","region":"NL","created_at":"1 month ago"},{"id":2797,"phone_number":"3197010524527","region":"NL","created_at":"1 month ago"},{"id":2796,"phone_number":"3197010524526","region":"NL","created_at":"1 month ago"},{"id":2795,"phone_number":"3197010524525","region":"NL","created_at":"1 month ago"},{"id":2794,"phone_number":"3197010524524","region":"NL","created_at":"1 month ago"},{"id":2793,"phone_number":"3197010524523","region":"NL","created_at":"1 month ago"},{"id":2792,"phone_number":"3197010524522","region":"NL","created_at":"1 month ago"},{"id":2791,"phone_number":"3197010524521","region":"NL","created_at":"1 month ago"},{"id":2790,"phone_number":"3197010524520","region":"NL","created_at":"1 month ago"},{"id":2749,"phone_number":"3197010524519","region":"NL","created_at":"1 month ago"},{"id":2748,"phone_number":"3197010524518","region":"NL","created_at":"1 month ago"},{"id":2747,"phone_number":"3197010524517","region":"NL","created_at":"1 month ago"},{"id":2746,"phone_number":"3197010524516","region":"NL","created_at":"1 month ago"},{"id":2745,"phone_number":"3197010524515","region":"NL","created_at":"1 month ago"},{"id":2744,"phone_number":"3197010524514","region":"NL","created_at":"1 month ago"},{"id":2743,"phone_number":"3197010524513","region":"NL","created_at":"1 month ago"},{"id":2742,"phone_number":"3197010524512","region":"NL","created_at":"1 month ago"},{"id":2741,"phone_number":"3197010524511","region":"NL","created_at":"1 month ago"},{"id":2740,"phone_number":"3197010524510","region":"NL","created_at":"1 month ago"},{"id":2699,"phone_number":"3197010524509","region":"NL","created_at":"1 month ago"},{"id":2698,"phone_number":"3197010524508","region":"NL","created_at":"1 month ago"},{"id":2697,"phone_number":"3197010524507","region":"NL","created_at":"1 month ago"},{"id":2696,"phone_number":"3197010524506","region":"NL","created_at":"1 month ago"},{"id":2695,"phone_number":"3197010524505","region":"NL","created_at":"1 month ago"},{"id":2694,"phone_number":"3197010524504","region":"NL","created_at":"1 month ago"},{"id":2693,"phone_number":"3197010524503","region":"NL","created_at":"1 month ago"},{"id":2692,"phone_number":"3197010524502","region":"NL","created_at":"1 month ago"},{"id":2691,"phone_number":"3197010524501","region":"NL","created_at":"1 month ago"},{"id":2690,"phone_number":"3197010524500","region":"NL","created_at":"1 month ago"},{"id":2647,"phone_number":"3197010524499","region":"NL","created_at":"1 month ago"},{"id":2646,"phone_number":"3197010524498","region":"NL","created_at":"1 month ago"},{"id":2645,"phone_number":"3197010524497","region":"NL","created_at":"1 month ago"},{"id":2644,"phone_number":"3197010524496","region":"NL","created_at":"1 month ago"},{"id":2643,"phone_number":"3197010524495","region":"NL","created_at":"1 month ago"},{"id":2642,"phone_number":"3197010524494","region":"NL","created_at":"1 month ago"},{"id":2641,"phone_number":"3197010524493","region":"NL","created_at":"1 month ago"},{"id":2640,"phone_number":"3197010524492","region":"NL","created_at":"1 month ago"},{"id":2639,"phone_number":"3197010524491","region":"NL","created_at":"1 month ago"},{"id":2638,"phone_number":"3197010524490","region":"NL","created_at":"1 month ago"},{"id":2595,"phone_number":"3197010524489","region":"NL","created_at":"1 month ago"},{"id":2594,"phone_number":"3197010524488","region":"NL","created_at":"1 month ago"},{"id":2593,"phone_number":"3197010524487","region":"NL","created_at":"1 month ago"},{"id":2592,"phone_number":"3197010524486","region":"NL","created_at":"1 month ago"},{"id":2591,"phone_number":"3197010524485","region":"NL","created_at":"1 month ago"},{"id":2590,"phone_number":"3197010524484","region":"NL","created_at":"1 month ago"},{"id":2589,"phone_number":"3197010524483","region":"NL","created_at":"1 month ago"},{"id":2588,"phone_number":"3197010524482","region":"NL","created_at":"1 month ago"},{"id":2587,"phone_number":"3197010524481","region":"NL","created_at":"1 month ago"},{"id":2586,"phone_number":"3197010524480","region":"NL","created_at":"1 month ago"},{"id":2543,"phone_number":"3197010524479","region":"NL","created_at":"1 month ago"},{"id":2542,"phone_number":"3197010524478","region":"NL","created_at":"1 month ago"},{"id":2541,"phone_number":"3197010524477","region":"NL","created_at":"1 month ago"},{"id":2540,"phone_number":"3197010524476","region":"NL","created_at":"1 month ago"},{"id":2539,"phone_number":"3197010524475","region":"NL","created_at":"1 month ago"},{"id":2538,"phone_number":"3197010524474","region":"NL","created_at":"1 month ago"},{"id":2537,"phone_number":"3197010524473","region":"NL","created_at":"1 month ago"},{"id":2536,"phone_number":"3197010524472","region":"NL","created_at":"1 month ago"},{"id":2535,"phone_number":"3197010524471","region":"NL","created_at":"1 month ago"},{"id":2534,"phone_number":"3197010524470","region":"NL","created_at":"1 month ago"},{"id":2493,"phone_number":"3197010524469","region":"NL","created_at":"1 month ago"},{"id":2492,"phone_number":"3197010524468","region":"NL","created_at":"1 month ago"},{"id":2491,"phone_number":"3197010524467","region":"NL","created_at":"1 month ago"},{"id":2490,"phone_number":"3197010524466","region":"NL","created_at":"1 month ago"},{"id":2489,"phone_number":"3197010524465","region":"NL","created_at":"1 month ago"},{"id":2488,"phone_number":"3197010524464","region":"NL","created_at":"1 month ago"},{"id":2487,"phone_number":"3197010524463","region":"NL","created_at":"1 month ago"},{"id":2486,"phone_number":"3197010524462","region":"NL","created_at":"1 month ago"},{"id":2485,"phone_number":"3197010524461","region":"NL","created_at":"1 month ago"},{"id":2484,"phone_number":"3197010524460","region":"NL","created_at":"1 month ago"},{"id":2441,"phone_number":"3197010524459","region":"NL","created_at":"2 months ago"},{"id":2440,"phone_number":"3197010524458","region":"NL","created_at":"2 months ago"},{"id":2439,"phone_number":"3197010524457","region":"NL","created_at":"2 months ago"},{"id":2438,"phone_number":"3197010524456","region":"NL","created_at":"2 months ago"},{"id":2437,"phone_number":"3197010524455","region":"NL","created_at":"2 months ago"},{"id":2436,"phone_number":"3197010524454","region":"NL","created_at":"2 months ago"},{"id":2435,"phone_number":"3197010524453","region":"NL","created_at":"2 months ago"},{"id":2434,"phone_number":"3197010524452","region":"NL","created_at":"2 months ago"},{"id":2433,"phone_number":"3197010524451","region":"NL","created_at":"2 months ago"},{"id":2432,"phone_number":"3197010524450","region":"NL","created_at":"2 months ago"},{"id":2389,"phone_number":"3197010524449","region":"NL","created_at":"2 months ago"},{"id":2388,"phone_number":"3197010524448","region":"NL","created_at":"2 months ago"},{"id":2387,"phone_number":"3197010524447","region":"NL","created_at":"2 months ago"},{"id":2386,"phone_number":"3197010524446","region":"NL","created_at":"2 months ago"},{"id":2385,"phone_number":"3197010524445","region":"NL","created_at":"2 months ago"},{"id":2384,"phone_number":"3197010524444","region":"NL","created_at":"2 months ago"},{"id":2383,"phone_number":"3197010524443","region":"NL","created_at":"2 months ago"},{"id":2382,"phone_number":"3197010524442","region":"NL","created_at":"2 months ago"},{"id":2381,"phone_number":"3197010524441","region":"NL","created_at":"2 months ago"},{"id":2380,"phone_number":"3197010524440","region":"NL","created_at":"2 months ago"},{"id":2337,"phone_number":"3197010524439","region":"NL","created_at":"2 months ago"},{"id":2336,"phone_number":"3197010524438","region":"NL","created_at":"2 months ago"},{"id":2335,"phone_number":"3197010524437","region":"NL","created_at":"2 months ago"},{"id":2334,"phone_number":"3197010524436","region":"NL","created_at":"2 months ago"},{"id":2333,"phone_number":"3197010524435","region":"NL","created_at":"2 months ago"},{"id":2332,"phone_number":"3197010524434","region":"NL","created_at":"2 months ago"},{"id":2331,"phone_number":"3197010524433","region":"NL","created_at":"2 months ago"},{"id":2330,"phone_number":"3197010524432","region":"NL","created_at":"2 months ago"},{"id":2329,"phone_number":"3197010524431","region":"NL","created_at":"2 months ago"},{"id":2328,"phone_number":"3197010524430","region":"NL","created_at":"2 months ago"},{"id":2286,"phone_number":"3197010524429","region":"NL","created_at":"2 months ago"},{"id":2285,"phone_number":"3197010524428","region":"NL","created_at":"2 months ago"},{"id":2284,"phone_number":"3197010524427","region":"NL","created_at":"2 months ago"},{"id":2283,"phone_number":"3197010524426","region":"NL","created_at":"2 months ago"},{"id":2282,"phone_number":"3197010524425","region":"NL","created_at":"2 months ago"},{"id":2281,"phone_number":"3197010524424","region":"NL","created_at":"2 months ago"},{"id":2280,"phone_number":"3197010524423","region":"NL","created_at":"2 months ago"},{"id":2279,"phone_number":"3197010524422","region":"NL","created_at":"2 months ago"},{"id":2278,"phone_number":"3197010524421","region":"NL","created_at":"2 months ago"},{"id":2277,"phone_number":"3197010524420","region":"NL","created_at":"2 months ago"},{"id":2274,"phone_number":"3197010524419","region":"NL","created_at":"2 months ago"},{"id":2273,"phone_number":"3197010524418","region":"NL","created_at":"2 months ago"},{"id":2272,"phone_number":"3197010524417","region":"NL","created_at":"2 months ago"},{"id":2271,"phone_number":"3197010524416","region":"NL","created_at":"2 months ago"},{"id":2270,"phone_number":"3197010524415","region":"NL","created_at":"2 months ago"},{"id":2269,"phone_number":"3197010524414","region":"NL","created_at":"2 months ago"},{"id":2268,"phone_number":"3197010524413","region":"NL","created_at":"2 months ago"},{"id":2267,"phone_number":"3197010524412","region":"NL","created_at":"2 months ago"},{"id":2266,"phone_number":"3197010524411","region":"NL","created_at":"2 months ago"},{"id":2265,"phone_number":"3197010524410","region":"NL","created_at":"2 months ago"},{"id":2224,"phone_number":"3197010524409","region":"NL","created_at":"2 months ago"},{"id":2223,"phone_number":"3197010524408","region":"NL","created_at":"2 months ago"},{"id":2222,"phone_number":"3197010524407","region":"NL","created_at":"2 months ago"},{"id":2221,"phone_number":"3197010524406","region":"NL","created_at":"2 months ago"},{"id":2220,"phone_number":"3197010524405","region":"NL","created_at":"2 months ago"},{"id":2199,"phone_number":"3197010524404","region":"NL","created_at":"2 months ago"},{"id":2198,"phone_number":"3197010524403","region":"NL","created_at":"2 months ago"},{"id":2197,"phone_number":"3197010524402","region":"NL","created_at":"2 months ago"},{"id":2196,"phone_number":"3197010524401","region":"NL","created_at":"2 months ago"},{"id":2195,"phone_number":"3197010524400","region":"NL","created_at":"2 months ago"},{"id":2174,"phone_number":"3197010520799","region":"NL","created_at":"2 months ago"},{"id":2173,"phone_number":"3197010520798","region":"NL","created_at":"2 months ago"},{"id":2172,"phone_number":"3197010520797","region":"NL","created_at":"2 months ago"},{"id":2171,"phone_number":"3197010520796","region":"NL","created_at":"2 months ago"},{"id":2170,"phone_number":"3197010520795","region":"NL","created_at":"2 months ago"},{"id":2169,"phone_number":"3197010520794","region":"NL","created_at":"2 months ago"},{"id":2168,"phone_number":"3197010520793","region":"NL","created_at":"2 months ago"},{"id":2167,"phone_number":"3197010520792","region":"NL","created_at":"2 months ago"},{"id":2166,"phone_number":"3197010520791","region":"NL","created_at":"2 months ago"},{"id":2165,"phone_number":"3197010520790","region":"NL","created_at":"2 months ago"},{"id":2162,"phone_number":"3197010520789","region":"NL","created_at":"2 months ago"},{"id":2161,"phone_number":"3197010520788","region":"NL","created_at":"2 months ago"},{"id":2160,"phone_number":"3197010520787","region":"NL","created_at":"2 months ago"},{"id":2159,"phone_number":"3197010520786","region":"NL","created_at":"2 months ago"},{"id":2158,"phone_number":"3197010520785","region":"NL","created_at":"2 months ago"},{"id":2157,"phone_number":"3197010520784","region":"NL","created_at":"2 months ago"},{"id":2156,"phone_number":"3197010520783","region":"NL","created_at":"2 months ago"},{"id":2155,"phone_number":"3197010520782","region":"NL","created_at":"2 months ago"},{"id":2154,"phone_number":"3197010520781","region":"NL","created_at":"2 months ago"},{"id":2153,"phone_number":"3197010520780","region":"NL","created_at":"2 months ago"},{"id":2132,"phone_number":"3197010520779","region":"NL","created_at":"2 months ago"},{"id":2131,"phone_number":"3197010520778","region":"NL","created_at":"2 months ago"},{"id":2130,"phone_number":"3197010520777","region":"NL","created_at":"2 months ago"},{"id":2129,"phone_number":"3197010520776","region":"NL","created_at":"2 months ago"},{"id":2128,"phone_number":"3197010520775","region":"NL","created_at":"2 months ago"},{"id":2127,"phone_number":"3197010520774","region":"NL","created_at":"2 months ago"},{"id":2126,"phone_number":"3197010520773","region":"NL","created_at":"2 months ago"},{"id":2125,"phone_number":"3197010520772","region":"NL","created_at":"2 months ago"},{"id":2124,"phone_number":"3197010520771","region":"NL","created_at":"2 months ago"},{"id":2123,"phone_number":"3197010520770","region":"NL","created_at":"2 months ago"},{"id":2100,"phone_number":"3197010520769","region":"NL","created_at":"2 months ago"},{"id":2099,"phone_number":"3197010520768","region":"NL","created_at":"2 months ago"},{"id":2098,"phone_number":"3197010520767","region":"NL","created_at":"2 months ago"},{"id":2097,"phone_number":"3197010520766","region":"NL","created_at":"2 months ago"},{"id":2096,"phone_number":"3197010520765","region":"NL","created_at":"2 months ago"},{"id":2048,"phone_number":"3197010520764","region":"NL","created_at":"2 months ago"},{"id":2047,"phone_number":"3197010520763","region":"NL","created_at":"2 months ago"},{"id":2046,"phone_number":"3197010520762","region":"NL","created_at":"2 months ago"},{"id":2045,"phone_number":"3197010520761","region":"NL","created_at":"2 months ago"},{"id":2044,"phone_number":"3197010520760","region":"NL","created_at":"2 months ago"},{"id":2023,"phone_number":"3197010520759","region":"NL","created_at":"2 months ago"},{"id":2022,"phone_number":"3197010520758","region":"NL","created_at":"2 months ago"},{"id":2021,"phone_number":"3197010520757","region":"NL","created_at":"2 months ago"},{"id":2020,"phone_number":"3197010520756","region":"NL","created_at":"2 months ago"},{"id":2019,"phone_number":"3197010520755","region":"NL","created_at":"2 months ago"},{"id":1996,"phone_number":"3197010520754","region":"NL","created_at":"2 months ago"},{"id":1995,"phone_number":"3197010520753","region":"NL","created_at":"2 months ago"},{"id":1994,"phone_number":"3197010520752","region":"NL","created_at":"2 months ago"},{"id":1993,"phone_number":"3197010520751","region":"NL","created_at":"2 months ago"},{"id":1992,"phone_number":"3197010520750","region":"NL","created_at":"2 months ago"},{"id":1969,"phone_number":"3197010520749","region":"NL","created_at":"2 months ago"},{"id":1968,"phone_number":"3197010520748","region":"NL","created_at":"2 months ago"},{"id":1967,"phone_number":"3197010520747","region":"NL","created_at":"2 months ago"},{"id":1966,"phone_number":"3197010520746","region":"NL","created_at":"2 months ago"},{"id":1965,"phone_number":"3197010520745","region":"NL","created_at":"2 months ago"},{"id":1944,"phone_number":"3197010520744","region":"NL","created_at":"2 months ago"},{"id":1943,"phone_number":"3197010520743","region":"NL","created_at":"2 months ago"},{"id":1942,"phone_number":"3197010520742","region":"NL","created_at":"2 months ago"},{"id":1941,"phone_number":"3197010520741","region":"NL","created_at":"2 months ago"},{"id":1940,"phone_number":"3197010520740","region":"NL","created_at":"2 months ago"},{"id":1917,"phone_number":"3197010520739","region":"NL","created_at":"2 months ago"},{"id":1916,"phone_number":"3197010520738","region":"NL","created_at":"2 months ago"},{"id":1915,"phone_number":"3197010520737","region":"NL","created_at":"2 months ago"},{"id":1914,"phone_number":"3197010520736","region":"NL","created_at":"2 months ago"},{"id":1913,"phone_number":"3197010520735","region":"NL","created_at":"2 months ago"},{"id":1892,"phone_number":"3197010520734","region":"NL","created_at":"2 months ago"},{"id":1891,"phone_number":"3197010520733","region":"NL","created_at":"2 months ago"},{"id":1890,"phone_number":"3197010520732","region":"NL","created_at":"2 months ago"},{"id":1889,"phone_number":"3197010520731","region":"NL","created_at":"2 months ago"},{"id":1888,"phone_number":"3197010520730","region":"NL","created_at":"2 months ago"},{"id":1865,"phone_number":"3197010520729","region":"NL","created_at":"3 months ago"},{"id":1864,"phone_number":"3197010520728","region":"NL","created_at":"3 months ago"},{"id":1863,"phone_number":"3197010520727","region":"NL","created_at":"3 months ago"},{"id":1862,"phone_number":"3197010520726","region":"NL","created_at":"3 months ago"},{"id":1861,"phone_number":"3197010520725","region":"NL","created_at":"3 months ago"},{"id":1838,"phone_number":"3197010520724","region":"NL","created_at":"3 months ago"},{"id":1837,"phone_number":"3197010520723","region":"NL","created_at":"3 months ago"},{"id":1836,"phone_number":"3197010520722","region":"NL","created_at":"3 months ago"},{"id":1835,"phone_number":"3197010520721","region":"NL","created_at":"3 months ago"},{"id":1834,"phone_number":"3197010520720","region":"NL","created_at":"3 months ago"},{"id":1811,"phone_number":"3197010520719","region":"NL","created_at":"3 months ago"},{"id":1810,"phone_number":"3197010520718","region":"NL","created_at":"3 months ago"},{"id":1809,"phone_number":"3197010520717","region":"NL","created_at":"3 months ago"},{"id":1808,"phone_number":"3197010520716","region":"NL","created_at":"3 months ago"},{"id":1807,"phone_number":"3197010520715","region":"NL","created_at":"3 months ago"},{"id":1784,"phone_number":"3197010520714","region":"NL","created_at":"3 months ago"},{"id":1783,"phone_number":"3197010520713","region":"NL","created_at":"3 months ago"},{"id":1782,"phone_number":"3197010520712","region":"NL","created_at":"3 months ago"},{"id":1781,"phone_number":"3197010520711","region":"NL","created_at":"3 months ago"},{"id":1780,"phone_number":"3197010520710","region":"NL","created_at":"3 months ago"},{"id":1757,"phone_number":"3197010520709","region":"NL","created_at":"3 months ago"},{"id":1756,"phone_number":"3197010520708","region":"NL","created_at":"3 months ago"},{"id":1755,"phone_number":"3197010520707","region":"NL","created_at":"3 months ago"},{"id":1754,"phone_number":"3197010520706","region":"NL","created_at":"3 months ago"},{"id":1753,"phone_number":"3197010520705","region":"NL","created_at":"3 months ago"},{"id":1712,"phone_number":"3197010520704","region":"NL","created_at":"3 months ago"},{"id":1711,"phone_number":"3197010520703","region":"NL","created_at":"3 months ago"},{"id":1710,"phone_number":"3197010520702","region":"NL","created_at":"3 months ago"},{"id":1709,"phone_number":"3197010520701","region":"NL","created_at":"3 months ago"},{"id":1686,"phone_number":"3197010520700","region":"NL","created_at":"3 months ago"},{"id":487,"phone_number":"3197010238104","region":"Netherlands","created_at":"1 year ago"}]}