{"uk":[{"id":1340,"phone_number":"447700150899","region":"UK","created_at":"4 months ago"},{"id":1339,"phone_number":"447700150898","region":"UK","created_at":"4 months ago"},{"id":1338,"phone_number":"447700150897","region":"UK","created_at":"4 months ago"},{"id":1337,"phone_number":"447700150896","region":"UK","created_at":"4 months ago"},{"id":1322,"phone_number":"447700150895","region":"UK","created_at":"4 months ago"},{"id":1321,"phone_number":"447700150894","region":"UK","created_at":"4 months ago"},{"id":1320,"phone_number":"447700150893","region":"UK","created_at":"4 months ago"},{"id":1319,"phone_number":"447700150892","region":"UK","created_at":"4 months ago"},{"id":1318,"phone_number":"447700150891","region":"UK","created_at":"4 months ago"},{"id":1302,"phone_number":"447700150890","region":"UK","created_at":"4 months ago"},{"id":1301,"phone_number":"447700150889","region":"UK","created_at":"4 months ago"},{"id":1300,"phone_number":"447700150888","region":"UK","created_at":"4 months ago"},{"id":1299,"phone_number":"447700150887","region":"UK","created_at":"4 months ago"},{"id":1298,"phone_number":"447700150886","region":"UK","created_at":"4 months ago"},{"id":1279,"phone_number":"447700150885","region":"UK","created_at":"4 months ago"},{"id":1278,"phone_number":"447700150884","region":"UK","created_at":"4 months ago"},{"id":1277,"phone_number":"447700150883","region":"UK","created_at":"4 months ago"},{"id":1276,"phone_number":"447700150882","region":"UK","created_at":"4 months ago"},{"id":1275,"phone_number":"447700150881","region":"UK","created_at":"4 months ago"},{"id":1259,"phone_number":"447700150880","region":"UK","created_at":"4 months ago"},{"id":1258,"phone_number":"447700150879","region":"UK","created_at":"4 months ago"},{"id":1257,"phone_number":"447700150878","region":"UK","created_at":"4 months ago"},{"id":1256,"phone_number":"447700150877","region":"UK","created_at":"4 months ago"},{"id":1255,"phone_number":"447700150876","region":"UK","created_at":"4 months ago"},{"id":1237,"phone_number":"447700150875","region":"UK","created_at":"4 months ago"},{"id":1236,"phone_number":"447700150874","region":"UK","created_at":"4 months ago"},{"id":1235,"phone_number":"447700150873","region":"UK","created_at":"4 months ago"},{"id":1234,"phone_number":"447700150872","region":"UK","created_at":"4 months ago"},{"id":1233,"phone_number":"447700150871","region":"UK","created_at":"4 months ago"},{"id":1224,"phone_number":"447700150870","region":"UK","created_at":"4 months ago"},{"id":1223,"phone_number":"447700150869","region":"UK","created_at":"4 months ago"},{"id":1222,"phone_number":"447700150868","region":"UK","created_at":"4 months ago"},{"id":1209,"phone_number":"447700150867","region":"UK","created_at":"5 months ago"},{"id":1208,"phone_number":"447700150866","region":"UK","created_at":"5 months ago"},{"id":1207,"phone_number":"447700150865","region":"UK","created_at":"5 months ago"},{"id":1195,"phone_number":"447700150864","region":"UK","created_at":"5 months ago"},{"id":1194,"phone_number":"447700150863","region":"UK","created_at":"5 months ago"},{"id":1193,"phone_number":"447700150862","region":"UK","created_at":"5 months ago"},{"id":1181,"phone_number":"447700150861","region":"UK","created_at":"5 months ago"},{"id":1180,"phone_number":"447700150860","region":"UK","created_at":"5 months ago"},{"id":1179,"phone_number":"447700150859","region":"UK","created_at":"5 months ago"},{"id":1167,"phone_number":"447700150858","region":"UK","created_at":"5 months ago"},{"id":1166,"phone_number":"447700150857","region":"UK","created_at":"5 months ago"},{"id":1165,"phone_number":"447700150856","region":"UK","created_at":"5 months ago"},{"id":1153,"phone_number":"447700150855","region":"UK","created_at":"5 months ago"},{"id":1152,"phone_number":"447700150854","region":"UK","created_at":"5 months ago"},{"id":1151,"phone_number":"447700150853","region":"UK","created_at":"5 months ago"},{"id":1141,"phone_number":"447700150852","region":"UK","created_at":"5 months ago"},{"id":1140,"phone_number":"447700150851","region":"UK","created_at":"5 months ago"},{"id":1139,"phone_number":"447700150850","region":"UK","created_at":"5 months ago"},{"id":1133,"phone_number":"447893932799","region":"UK","created_at":"5 months ago"},{"id":1132,"phone_number":"447893932798","region":"UK","created_at":"5 months ago"},{"id":1131,"phone_number":"447893932797","region":"UK","created_at":"5 months ago"},{"id":1130,"phone_number":"447893932796","region":"UK","created_at":"5 months ago"},{"id":1123,"phone_number":"447893932795","region":"UK","created_at":"5 months ago"},{"id":1122,"phone_number":"447893932794","region":"UK","created_at":"5 months ago"},{"id":1121,"phone_number":"447893932793","region":"UK","created_at":"5 months ago"},{"id":1120,"phone_number":"447893932792","region":"UK","created_at":"5 months ago"},{"id":1109,"phone_number":"447893932791","region":"UK","created_at":"5 months ago"},{"id":1108,"phone_number":"447893932790","region":"UK","created_at":"5 months ago"},{"id":1107,"phone_number":"447893932789","region":"UK","created_at":"5 months ago"},{"id":1106,"phone_number":"447893932788","region":"UK","created_at":"5 months ago"},{"id":1097,"phone_number":"447893932787","region":"UK","created_at":"5 months ago"},{"id":1096,"phone_number":"447893932786","region":"UK","created_at":"5 months ago"},{"id":1095,"phone_number":"447893932785","region":"UK","created_at":"5 months ago"},{"id":1094,"phone_number":"447893932784","region":"UK","created_at":"5 months ago"},{"id":1083,"phone_number":"447893932783","region":"UK","created_at":"6 months ago"},{"id":1082,"phone_number":"447893932782","region":"UK","created_at":"6 months ago"},{"id":1081,"phone_number":"447893932781","region":"UK","created_at":"6 months ago"},{"id":1080,"phone_number":"447893932780","region":"UK","created_at":"6 months ago"},{"id":1069,"phone_number":"447893932779","region":"UK","created_at":"6 months ago"},{"id":1068,"phone_number":"447893932778","region":"UK","created_at":"6 months ago"},{"id":1067,"phone_number":"447893932777","region":"UK","created_at":"6 months ago"},{"id":1066,"phone_number":"447893932776","region":"UK","created_at":"6 months ago"},{"id":1059,"phone_number":"447893932775","region":"UK","created_at":"6 months ago"},{"id":1058,"phone_number":"447893932774","region":"UK","created_at":"6 months ago"},{"id":1057,"phone_number":"447893932773","region":"UK","created_at":"6 months ago"},{"id":1056,"phone_number":"447893932772","region":"UK","created_at":"6 months ago"},{"id":1049,"phone_number":"447893932771","region":"UK","created_at":"6 months ago"},{"id":1048,"phone_number":"447893932770","region":"UK","created_at":"6 months ago"},{"id":1047,"phone_number":"447893932769","region":"UK","created_at":"6 months ago"},{"id":1046,"phone_number":"447893932768","region":"UK","created_at":"6 months ago"},{"id":1039,"phone_number":"447893932767","region":"UK","created_at":"6 months ago"},{"id":1038,"phone_number":"447893932766","region":"UK","created_at":"6 months ago"},{"id":1037,"phone_number":"447893932765","region":"UK","created_at":"6 months ago"},{"id":1036,"phone_number":"447893932764","region":"UK","created_at":"6 months ago"},{"id":1029,"phone_number":"447893932763","region":"UK","created_at":"6 months ago"},{"id":1028,"phone_number":"447893932762","region":"UK","created_at":"6 months ago"},{"id":1027,"phone_number":"447893932761","region":"UK","created_at":"6 months ago"},{"id":1026,"phone_number":"447893932760","region":"UK","created_at":"6 months ago"},{"id":1013,"phone_number":"447893932099","region":"UK","created_at":"6 months ago"},{"id":1012,"phone_number":"447893932098","region":"UK","created_at":"6 months ago"},{"id":1001,"phone_number":"447893932097","region":"UK","created_at":"7 months ago"},{"id":1000,"phone_number":"447893932096","region":"UK","created_at":"7 months ago"},{"id":999,"phone_number":"447893932095","region":"UK","created_at":"7 months ago"},{"id":987,"phone_number":"447893932094","region":"UK","created_at":"7 months ago"},{"id":986,"phone_number":"447893932093","region":"UK","created_at":"7 months ago"},{"id":985,"phone_number":"447893932092","region":"UK","created_at":"7 months ago"},{"id":973,"phone_number":"447893932091","region":"UK","created_at":"7 months ago"},{"id":972,"phone_number":"447893932090","region":"UK","created_at":"7 months ago"},{"id":971,"phone_number":"447893932089","region":"UK","created_at":"7 months ago"},{"id":959,"phone_number":"447893932088","region":"UK","created_at":"7 months ago"},{"id":958,"phone_number":"447893932087","region":"UK","created_at":"7 months ago"},{"id":957,"phone_number":"447893932086","region":"UK","created_at":"7 months ago"},{"id":945,"phone_number":"447893932085","region":"UK","created_at":"7 months ago"},{"id":944,"phone_number":"447893932084","region":"UK","created_at":"7 months ago"},{"id":943,"phone_number":"447893932083","region":"UK","created_at":"7 months ago"},{"id":928,"phone_number":"447893932082","region":"UK","created_at":"7 months ago"},{"id":927,"phone_number":"447893932081","region":"UK","created_at":"7 months ago"},{"id":926,"phone_number":"447893932080","region":"UK","created_at":"7 months ago"},{"id":908,"phone_number":"447893920209","region":"UK","created_at":"7 months ago"},{"id":906,"phone_number":"447893920208","region":"UK","created_at":"7 months ago"},{"id":895,"phone_number":"447893920207","region":"UK","created_at":"7 months ago"},{"id":894,"phone_number":"447893920206","region":"UK","created_at":"7 months ago"},{"id":877,"phone_number":"447893920204","region":"UK","created_at":"8 months ago"},{"id":876,"phone_number":"447893920205","region":"UK","created_at":"8 months ago"},{"id":844,"phone_number":"447893920203","region":"UK","created_at":"8 months ago"},{"id":843,"phone_number":"447893920202","region":"UK","created_at":"8 months ago"},{"id":836,"phone_number":"447893920201","region":"UK","created_at":"8 months ago"},{"id":835,"phone_number":"447893920200","region":"UK","created_at":"8 months ago"},{"id":796,"phone_number":"447700185229","region":"Uk","created_at":"9 months ago"},{"id":790,"phone_number":"447700185228","region":"Uk","created_at":"9 months ago"},{"id":789,"phone_number":"447700185227","region":"Uk","created_at":"9 months ago"},{"id":788,"phone_number":"447700185226","region":"Uk","created_at":"9 months ago"},{"id":781,"phone_number":"447700185225","region":"UK","created_at":"9 months ago"},{"id":780,"phone_number":"447700185224","region":"UK","created_at":"9 months ago"},{"id":779,"phone_number":"447700185223","region":"UK","created_at":"9 months ago"},{"id":772,"phone_number":"447700185222","region":"Uk","created_at":"9 months ago"},{"id":771,"phone_number":"447700185221","region":"Uk","created_at":"9 months ago"},{"id":770,"phone_number":"447700185220","region":"Uk","created_at":"9 months ago"},{"id":730,"phone_number":"447700184924","region":"UK","created_at":"11 months ago"},{"id":725,"phone_number":"447700184923","region":"UK","created_at":"11 months ago"},{"id":724,"phone_number":"447700184922","region":"UK","created_at":"11 months ago"},{"id":719,"phone_number":"447700184921","region":"UK","created_at":"11 months ago"},{"id":718,"phone_number":"447700184920","region":"UK","created_at":"11 months ago"},{"id":653,"phone_number":"447488810959","region":"UK","created_at":"1 year ago"},{"id":652,"phone_number":"447488810958","region":"UK","created_at":"1 year ago"},{"id":651,"phone_number":"447488810957","region":"UK","created_at":"1 year ago"},{"id":646,"phone_number":"447488810956","region":"UK","created_at":"1 year ago"},{"id":645,"phone_number":"447488810955","region":"UK","created_at":"1 year ago"},{"id":622,"phone_number":"447488866593","region":"UK","created_at":"1 year ago"},{"id":621,"phone_number":"447488866594","region":"UK","created_at":"1 year ago"},{"id":616,"phone_number":"447488866591","region":"UK","created_at":"1 year ago"},{"id":615,"phone_number":"447488866590","region":"UK","created_at":"1 year ago"},{"id":595,"phone_number":"447488810934","region":"UK","created_at":"1 year ago"},{"id":594,"phone_number":"447488810933","region":"UK","created_at":"1 year ago"},{"id":593,"phone_number":"447488810932","region":"UK","created_at":"1 year ago"},{"id":592,"phone_number":"447488810931","region":"UK","created_at":"1 year ago"},{"id":591,"phone_number":"447488810930","region":"UK","created_at":"1 year ago"},{"id":554,"phone_number":"447488811035","region":"UK","created_at":"1 year ago"},{"id":551,"phone_number":"447488811036","region":"UK","created_at":"1 year ago"},{"id":548,"phone_number":"447488811037","region":"UK","created_at":"1 year ago"},{"id":547,"phone_number":"447488811038","region":"UK","created_at":"1 year ago"},{"id":543,"phone_number":"447488811039","region":"UK","created_at":"1 year ago"},{"id":500,"phone_number":"447488810563","region":"UK","created_at":"1 year ago"},{"id":499,"phone_number":"447488810562","region":"UK","created_at":"1 year ago"},{"id":494,"phone_number":"447488810561","region":"UK","created_at":"1 year ago"},{"id":493,"phone_number":"447488810560","region":"UK","created_at":"1 year ago"},{"id":490,"phone_number":"447488810559","region":"UK","created_at":"1 year ago"},{"id":463,"phone_number":"447488803782","region":"UK","created_at":"1 year ago"},{"id":462,"phone_number":"447488803781","region":"UK","created_at":"1 year ago"},{"id":459,"phone_number":"447488803780","region":"UK","created_at":"1 year ago"},{"id":458,"phone_number":"447488803779","region":"UK","created_at":"1 year ago"},{"id":423,"phone_number":"447488803754","region":"UK","created_at":"1 year ago"},{"id":421,"phone_number":"447488803753","region":"UK","created_at":"1 year ago"},{"id":420,"phone_number":"447488803752","region":"UK","created_at":"1 year ago"},{"id":417,"phone_number":"447488803751","region":"UK","created_at":"1 year ago"},{"id":416,"phone_number":"447488803750","region":"UK","created_at":"1 year ago"},{"id":333,"phone_number":"447458196514","region":"UK","created_at":"2 years ago"},{"id":332,"phone_number":"447458196513","region":"UK","created_at":"2 years ago"},{"id":318,"phone_number":"447458196511","region":"UK","created_at":"2 years ago"},{"id":317,"phone_number":"447458196510","region":"UK","created_at":"2 years ago"},{"id":312,"phone_number":"447458196486","region":"UK","created_at":"2 years ago"},{"id":311,"phone_number":"447458196485","region":"UK","created_at":"2 years ago"}]}