{"usa":[{"id":3630,"phone_number":"17198254934","region":"Colorado","created_at":"7 hours ago"},{"id":3599,"phone_number":"12097557121","region":"California","created_at":"3 days ago"},{"id":3582,"phone_number":"15207277407","region":"Arizona","created_at":"6 days ago"},{"id":3535,"phone_number":"12515516851","region":"Alabama","created_at":"1 week ago"},{"id":3518,"phone_number":"13072040839","region":"Wyoming","created_at":"1 week ago"},{"id":3516,"phone_number":"13049446291","region":"West Virginia","created_at":"2 weeks ago"},{"id":3514,"phone_number":"12623152355","region":"Wisconsin","created_at":"2 weeks ago"},{"id":3512,"phone_number":"12533791439","region":"Washington","created_at":"2 weeks ago"},{"id":3510,"phone_number":"18022675090","region":"Vermont","created_at":"2 weeks ago"},{"id":3508,"phone_number":"12764211697","region":"Virginia","created_at":"2 weeks ago"},{"id":3505,"phone_number":"12294614638","region":"Georgia","created_at":"3 weeks ago"},{"id":3484,"phone_number":"13854866498","region":"Utah","created_at":"3 weeks ago"},{"id":3462,"phone_number":"12109034638","region":"Texas","created_at":"3 weeks ago"},{"id":3435,"phone_number":"14235602732","region":"Tennessee","created_at":"3 weeks ago"},{"id":3398,"phone_number":"16056055238","region":"South Dakota","created_at":"4 weeks ago"},{"id":3047,"phone_number":"14052522454","region":"Oklahoma","created_at":"1 month ago"},{"id":2893,"phone_number":"13156156064","region":"New York","created_at":"1 month ago"},{"id":2276,"phone_number":"14172152563","region":"Missouri","created_at":"2 months ago"}]}